Sites,Depth(m),Lat DD,Long DD,Raw Site,Strombus_alatus
I-A-T,4,25.01836667N,081.28546667W,I-A,
I-A-W,4,25.01836667N,081.28546667W,I-A,
I-A-LR,4,25.01836667N,081.28546667W,I-A,
I-A-Live,4,25.01836667N,081.28546667W,I-A,
I-A-G1,4,25.01836667N,081.28546667W,I-A,
I-A-G2,4,25.01836667N,081.28546667W,I-A,
I-A-G3,4,25.01836667N,081.28546667W,I-A,
I-B-T,8,24.99961667N,081.50070000W,I-B,93
I-B-W,8,24.99961667N,081.50070000W,I-B,
I-B-LR,8,24.99961667N,081.50070000W,I-B,
I-B-Live,8,24.99961667N,081.50070000W,I-B,26
I-B-G1,8,24.99961667N,081.50070000W,I-B,38
I-B-G2,8,24.99961667N,081.50070000W,I-B,11
I-B-G3,8,24.99961667N,081.50070000W,I-B,18
I-C-T,14,25.00591667N,081.74468333W,I-C,128
I-C-W,14,25.00591667N,081.74468333W,I-C,
I-C-LR,14,25.00591667N,081.74468333W,I-C,
I-C-Live,14,25.00591667N,081.74468333W,I-C,75
I-C-G1,14,25.00591667N,081.74468333W,I-C,16
I-C-G2,14,25.00591667N,081.74468333W,I-C,12
I-C-G3,14,25.00591667N,081.74468333W,I-C,25
I-D-T,20,25.00006667N,082.00075000W,I-D,38
I-D-W,20,25.00006667N,082.00075000W,I-D,
I-D-LR,20,25.00006667N,082.00075000W,I-D,
I-D-Live,20,25.00006667N,082.00075000W,I-D,2
I-D-G1,20,25.00006667N,082.00075000W,I-D,15
I-D-G2,20,25.00006667N,082.00075000W,I-D,10
I-D-G3,20,25.00006667N,082.00075000W,I-D,11
II-A-T,9,25.13005000N,081.56015000W,II-A,112
II-A-W,9,25.13005000N,081.56015000W,II-A,
II-A-LR,9,25.13005000N,081.56015000W,II-A,
II-A-Live,9,25.13005000N,081.56015000W,II-A,78
II-A-G1,9,25.13005000N,081.56015000W,II-A,16
II-A-G2,9,25.13005000N,081.56015000W,II-A,7
II-A-G3,9,25.13005000N,081.56015000W,II-A,11
II-B-T,12,25.12860000N,081.72176667W,II-B,8
II-B-W,12,25.12860000N,081.72176667W,II-B,
II-B-LR,12,25.12860000N,081.72176667W,II-B,
II-B-Live,12,25.12860000N,081.72176667W,II-B,1
II-B-G1,12,25.12860000N,081.72176667W,II-B,4
II-B-G2,12,25.12860000N,081.72176667W,II-B,1
II-B-G3,12,25.12860000N,081.72176667W,II-B,2
II-C-T,15.5,25.13028333N,081.84933333W,II-C,3
II-C-W,15.5,25.13028333N,081.84933333W,II-C,
II-C-LR,15.5,25.13028333N,081.84933333W,II-C,
II-C-Live,15.5,25.13028333N,081.84933333W,II-C,
II-C-G1,15.5,25.13028333N,081.84933333W,II-C,
II-C-G2,15.5,25.13028333N,081.84933333W,II-C,
II-C-G3,15.5,25.13028333N,081.84933333W,II-C,3
II-D-T,19,25.13023333N,081.95095000W,II-D,20
II-D-W,19,25.13023333N,081.95095000W,II-D,
II-D-LR,19,25.13023333N,081.95095000W,II-D,
II-D-Live,19,25.13023333N,081.95095000W,II-D,5
II-D-G1,19,25.13023333N,081.95095000W,II-D,9
II-D-G2,19,25.13023333N,081.95095000W,II-D,2
II-D-G3,19,25.13023333N,081.95095000W,II-D,4
II-Z-T,6,25.12880000N,081.37583333W,II-Z,28
II-Z-W,6,25.12880000N,081.37583333W,II-Z,
II-Z-LR,6,25.12880000N,081.37583333W,II-Z,
II-Z-Live,6,25.12880000N,081.37583333W,II-Z,10
II-Z-G1,6,25.12880000N,081.37583333W,II-Z,13
II-Z-G2,6,25.12880000N,081.37583333W,II-Z,3
II-Z-G3,6,25.12880000N,081.37583333W,II-Z,2
III-A-T,10,26.00206667N,081.94008333W,III-A,13
III-A-W,10,26.00206667N,081.94008333W,III-A,
III-A-LR,10,26.00206667N,081.94008333W,III-A,
III-A-Live,10,26.00206667N,081.94008333W,III-A,2
III-A-G1,10,26.00206667N,081.94008333W,III-A,6
III-A-G2,10,26.00206667N,081.94008333W,III-A,4
III-A-G3,10,26.00206667N,081.94008333W,III-A,1
III-B-T,12,26.00000000N,081.98983333W,III-B,8
III-B-W,12,26.00000000N,081.98983333W,III-B,
III-B-LR,12,26.00000000N,081.98983333W,III-B,
III-B-Live,12,26.00000000N,081.98983333W,III-B,
III-B-G1,12,26.00000000N,081.98983333W,III-B,3
III-B-G2,12,26.00000000N,081.98983333W,III-B,2
III-B-G3,12,26.00000000N,081.98983333W,III-B,3
III-C-T,15,26.00073333N,082.07935000W,III-C,30
III-C-W,15,26.00073333N,082.07935000W,III-C,
III-C-LR,15,26.00073333N,082.07935000W,III-C,
III-C-Live,15,26.00073333N,082.07935000W,III-C,
III-C-G1,15,26.00073333N,082.07935000W,III-C,12
III-C-G2,15,26.00073333N,082.07935000W,III-C,6
III-C-G3,15,26.00073333N,082.07935000W,III-C,12
III-D-T,24,26.00381667N,082.39168333W,III-D,13
III-D-W,24,26.00381667N,082.39168333W,III-D,
III-D-LR,24,26.00381667N,082.39168333W,III-D,
III-D-Live,24,26.00381667N,082.39168333W,III-D,
III-D-G1,24,26.00381667N,082.39168333W,III-D,8
III-D-G2,24,26.00381667N,082.39168333W,III-D,3
III-D-G3,24,26.00381667N,082.39168333W,III-D,2
III-E-T,33.5,26.00185000N,082.67596667W,III-E,8
III-E-W,33.5,26.00185000N,082.67596667W,III-E,
III-E-LR,33.5,26.00185000N,082.67596667W,III-E,
III-E-Live,33.5,26.00185000N,082.67596667W,III-E,
III-E-G1,33.5,26.00185000N,082.67596667W,III-E,1
III-E-G2,33.5,26.00185000N,082.67596667W,III-E,3
III-E-G3,33.5,26.00185000N,082.67596667W,III-E,4
III-F-T,43.5,26.00423333N,082.98818333W,III-F,5
III-F-W,43.5,26.00423333N,082.98818333W,III-F,
III-F-LR,43.5,26.00423333N,082.98818333W,III-F,
III-F-Live,43.5,26.00423333N,082.98818333W,III-F,
III-F-G1,43.5,26.00423333N,082.98818333W,III-F,
III-F-G2,43.5,26.00423333N,082.98818333W,III-F,3
III-F-G3,43.5,26.00423333N,082.98818333W,III-F,2
III-G-T,55,26.00603333N,083.25626667W,III-G,
III-G-W,55,26.00603333N,083.25626667W,III-G,
III-G-LR,55,26.00603333N,083.25626667W,III-G,
III-G-Live,55,26.00603333N,083.25626667W,III-G,
III-G-G1,55,26.00603333N,083.25626667W,III-G,
III-G-G2,55,26.00603333N,083.25626667W,III-G,
III-G-G3,55,26.00603333N,083.25626667W,III-G,
III-H-T,55,26.02686667N,083.27163333W,III-H,2
III-H-W,55,26.02686667N,083.27163333W,III-H,
III-H-LR,55,26.02686667N,083.27163333W,III-H,
III-H-Live,55,26.02686667N,083.27163333W,III-H,
III-H-G1,55,26.02686667N,083.27163333W,III-H,2
III-H-G2,55,26.02686667N,083.27163333W,III-H,
III-H-G3,55,26.02686667N,083.27163333W,III-H,
III-H2-T,70,25.96341667N,083.67253333W,III-H2,
III-H2-W,70,25.96341667N,083.67253333W,III-H2,
III-H2-LR,70,25.96341667N,083.67253333W,III-H2,
III-H2-Live,70,25.96341667N,083.67253333W,III-H2,
III-H2-G1,70,25.96341667N,083.67253333W,III-H2,
III-H2-G2,70,25.96341667N,083.67253333W,III-H2,
III-H2-G3,70,25.96341667N,083.67253333W,III-H2,
III-I-1+2-T,91,25.99233333N,083.76325000W,III-I-1+2,8
III-I-1+2-W,91,25.99233333N,083.76325000W,III-I-1+2,
III-I-1+2-LR,91,25.99233333N,083.76325000W,III-I-1+2,
III-I-1+2-Live,91,25.99233333N,083.76325000W,III-I-1+2,
III-I-1+2-G1,91,25.99233333N,083.76325000W,III-I-1+2,1
III-I-1+2-G2,91,25.99233333N,083.76325000W,III-I-1+2,2
III-I-1+2-G3,91,25.99233333N,083.76325000W,III-I-1+2,5
III-J-T,117,25.99191667N,083.91118333W,III-J,
III-J-W,117,25.99191667N,083.91118333W,III-J,
III-J-LR,117,25.99191667N,083.91118333W,III-J,
III-J-Live,117,25.99191667N,083.91118333W,III-J,
III-J-G1,117,25.99191667N,083.91118333W,III-J,
III-J-G2,117,25.99191667N,083.91118333W,III-J,
III-J-G3,117,25.99191667N,083.91118333W,III-J,
III-K-T,159,25.99105000N,084.14621667W,III-K,
III-K-W,159,25.99105000N,084.14621667W,III-K,
III-K-LR,159,25.99105000N,084.14621667W,III-K,
III-K-Live,159,25.99105000N,084.14621667W,III-K,
III-K-G1,159,25.99105000N,084.14621667W,III-K,
III-K-G2,159,25.99105000N,084.14621667W,III-K,
III-K-G3,159,25.99105000N,084.14621667W,III-K,
III-L-T,196,25.99613333N,084.34551667W,III-L,
III-L-W,196,25.99613333N,084.34551667W,III-L,
III-L-LR,196,25.99613333N,084.34551667W,III-L,
III-L-Live,196,25.99613333N,084.34551667W,III-L,
III-L-G1,196,25.99613333N,084.34551667W,III-L,
III-L-G2,196,25.99613333N,084.34551667W,III-L,
III-L-G3,196,25.99613333N,084.34551667W,III-L,
III-M-T,214,25.99860000N,084.53570000W,III-M,
III-M-W,214,25.99860000N,084.53570000W,III-M,
III-M-LR,214,25.99860000N,084.53570000W,III-M,
III-M-Live,214,25.99860000N,084.53570000W,III-M,
III-M-G1,214,25.99860000N,084.53570000W,III-M,
III-M-G2,214,25.99860000N,084.53570000W,III-M,
III-M-G3,214,25.99860000N,084.53570000W,III-M,
III-N-T,237,26.00020000N,084.56170000W,III-N,
III-N-W,237,26.00020000N,084.56170000W,III-N,
III-N-LR,237,26.00020000N,084.56170000W,III-N,
III-N-Live,237,26.00020000N,084.56170000W,III-N,
III-N-G1,237,26.00020000N,084.56170000W,III-N,
III-N-G2,237,26.00020000N,084.56170000W,III-N,
III-N-G3,237,26.00020000N,084.56170000W,III-N,
III-O-T,300,25.99051667N,084.59901667W,III-O,
III-O-W,300,25.99051667N,084.59901667W,III-O,
III-O-LR,300,25.99051667N,084.59901667W,III-O,
III-O-Live,300,25.99051667N,084.59901667W,III-O,
III-O-G1,300,25.99051667N,084.59901667W,III-O,
III-O-G2,300,25.99051667N,084.59901667W,III-O,
III-O-G3,300,25.99051667N,084.59901667W,III-O,
III-P-T,330,26.00011667N,084.63950000W,III-P,
III-P-W,330,26.00011667N,084.63950000W,III-P,
III-P-LR,330,26.00011667N,084.63950000W,III-P,
III-P-Live,330,26.00011667N,084.63950000W,III-P,
III-P-G1,330,26.00011667N,084.63950000W,III-P,
III-P-G2,330,26.00011667N,084.63950000W,III-P,
III-P-G3,330,26.00011667N,084.63950000W,III-P,
III-Q-T,330,26.00596667N,084.62293333W,III-Q,
III-Q-W,330,26.00596667N,084.62293333W,III-Q,
III-Q-LR,330,26.00596667N,084.62293333W,III-Q,
III-Q-Live,330,26.00596667N,084.62293333W,III-Q,
III-Q-G1,330,26.00596667N,084.62293333W,III-Q,
III-Q-G2,330,26.00596667N,084.62293333W,III-Q,
III-Q-G3,330,26.00596667N,084.62293333W,III-Q,
IV-A-T,15,27.05113333N,082.63380000W,IV-A,22
IV-A-W,15,27.05113333N,082.63380000W,IV-A,
IV-A-LR,15,27.05113333N,082.63380000W,IV-A,
IV-A-Live,15,27.05113333N,082.63380000W,IV-A,
IV-A-G1,15,27.05113333N,082.63380000W,IV-A,2
IV-A-G2,15,27.05113333N,082.63380000W,IV-A,7
IV-A-G3,15,27.05113333N,082.63380000W,IV-A,13
IV-B-T,8,27.12023333N,082.48778333W,IV-B,20
IV-B-W,8,27.12023333N,082.48778333W,IV-B,
IV-B-LR,8,27.12023333N,082.48778333W,IV-B,
IV-B-Live,8,27.12023333N,082.48778333W,IV-B,
IV-B-G1,8,27.12023333N,082.48778333W,IV-B,1
IV-B-G2,8,27.12023333N,082.48778333W,IV-B,4
IV-B-G3,8,27.12023333N,082.48778333W,IV-B,15
IV-C-T,8.5,27.26936667N,082.58750000W,IV-C,3
IV-C-W,8.5,27.26936667N,082.58750000W,IV-C,
IV-C-LR,8.5,27.26936667N,082.58750000W,IV-C,
IV-C-Live,8.5,27.26936667N,082.58750000W,IV-C,
IV-C-G1,8.5,27.26936667N,082.58750000W,IV-C,
IV-C-G2,8.5,27.26936667N,082.58750000W,IV-C,
IV-C-G3,8.5,27.26936667N,082.58750000W,IV-C,3
V-A-T,7,26.42278333N,082.15890000W,V-A,13
V-A-W,7,26.42278333N,082.15890000W,V-A,
V-A-LR,7,26.42278333N,082.15890000W,V-A,
V-A-Live,7,26.42278333N,082.15890000W,V-A,4
V-A-G1,7,26.42278333N,082.15890000W,V-A,6
V-A-G2,7,26.42278333N,082.15890000W,V-A,3
V-A-G3,7,26.42278333N,082.15890000W,V-A,
VI-A-T,9,25.96198333N,081.81186667W,VI-A,5
VI-A-W,9,25.96198333N,081.81186667W,VI-A,
VI-A-LR,9,25.96198333N,081.81186667W,VI-A,
VI-A-Live,9,25.96198333N,081.81186667W,VI-A,
VI-A-G1,9,25.96198333N,081.81186667W,VI-A,1
VI-A-G2,9,25.96198333N,081.81186667W,VI-A,3
VI-A-G3,9,25.96198333N,081.81186667W,VI-A,1
VII-A-T,8.5,25.86285000N,081.76720000W,VII-A,7
VII-A-W,8.5,25.86285000N,081.76720000W,VII-A,
VII-A-LR,8.5,25.86285000N,081.76720000W,VII-A,
VII-A-Live,8.5,25.86285000N,081.76720000W,VII-A,
VII-A-G1,8.5,25.86285000N,081.76720000W,VII-A,5
VII-A-G2,8.5,25.86285000N,081.76720000W,VII-A,1
VII-A-G3,8.5,25.86285000N,081.76720000W,VII-A,1
VIII-A-T,4.5,25.76390000N,081.70701667W,VIII-A,7
VIII-A-W,4.5,25.76390000N,081.70701667W,VIII-A,
VIII-A-LR,4.5,25.76390000N,081.70701667W,VIII-A,
VIII-A-Live,4.5,25.76390000N,081.70701667W,VIII-A,
VIII-A-G1,4.5,25.76390000N,081.70701667W,VIII-A,2
VIII-A-G2,4.5,25.76390000N,081.70701667W,VIII-A,1
VIII-A-G3,4.5,25.76390000N,081.70701667W,VIII-A,4
VIII-B-T,6,25.75566667N,081.72333333W,VIII-B,2
VIII-B-W,6,25.75566667N,081.72333333W,VIII-B,
VIII-B-LR,6,25.75566667N,081.72333333W,VIII-B,
VIII-B-Live,6,25.75566667N,081.72333333W,VIII-B,
VIII-B-G1,6,25.75566667N,081.72333333W,VIII-B,
VIII-B-G2,6,25.75566667N,081.72333333W,VIII-B,
VIII-B-G3,6,25.75566667N,081.72333333W,VIII-B,2
VIII-C-T,7.5,25.75366667N,081.77083333W,VIII-C,11
VIII-C-W,7.5,25.75366667N,081.77083333W,VIII-C,
VIII-C-LR,7.5,25.75366667N,081.77083333W,VIII-C,
VIII-C-Live,7.5,25.75366667N,081.77083333W,VIII-C,
VIII-C-G1,7.5,25.75366667N,081.77083333W,VIII-C,6
VIII-C-G2,7.5,25.75366667N,081.77083333W,VIII-C,3
VIII-C-G3,7.5,25.75366667N,081.77083333W,VIII-C,2
VIII-D-T,9,25.75001667N,081.79263333W,VIII-D,20
VIII-D-W,9,25.75001667N,081.79263333W,VIII-D,
VIII-D-LR,9,25.75001667N,081.79263333W,VIII-D,
VIII-D-Live,9,25.75001667N,081.79263333W,VIII-D,15
VIII-D-G1,9,25.75001667N,081.79263333W,VIII-D,4
VIII-D-G2,9,25.75001667N,081.79263333W,VIII-D,1
VIII-D-G3,9,25.75001667N,081.79263333W,VIII-D,
VIII-E-T,10.5,25.75016667N,081.83233333W,VIII-E,33
VIII-E-W,10.5,25.75016667N,081.83233333W,VIII-E,
VIII-E-LR,10.5,25.75016667N,081.83233333W,VIII-E,
VIII-E-Live,10.5,25.75016667N,081.83233333W,VIII-E,
VIII-E-G1,10.5,25.75016667N,081.83233333W,VIII-E,3
VIII-E-G2,10.5,25.75016667N,081.83233333W,VIII-E,12
VIII-E-G3,10.5,25.75016667N,081.83233333W,VIII-E,18
VIII-F-T,13,25.73706667N,081.89521667W,VIII-F,161
VIII-F-W,13,25.73706667N,081.89521667W,VIII-F,
VIII-F-LR,13,25.73706667N,081.89521667W,VIII-F,
VIII-F-Live,13,25.73706667N,081.89521667W,VIII-F,147
VIII-F-G1,13,25.73706667N,081.89521667W,VIII-F,13
VIII-F-G2,13,25.73706667N,081.89521667W,VIII-F,1
VIII-F-G3,13,25.73706667N,081.89521667W,VIII-F,
IX-A-T,4.5,25.49366667N,081.34405000W,IX-A,59
IX-A-W,4.5,25.49366667N,081.34405000W,IX-A,
IX-A-LR,4.5,25.49366667N,081.34405000W,IX-A,
IX-A-Live,4.5,25.49366667N,081.34405000W,IX-A,6
IX-A-G1,4.5,25.49366667N,081.34405000W,IX-A,27
IX-A-G2,4.5,25.49366667N,081.34405000W,IX-A,14
IX-A-G3,4.5,25.49366667N,081.34405000W,IX-A,12
IX-B-T,6,25.50115000N,081.42603333W,IX-B,10
IX-B-W,6,25.50115000N,081.42603333W,IX-B,
IX-B-LR,6,25.50115000N,081.42603333W,IX-B,
IX-B-Live,6,25.50115000N,081.42603333W,IX-B,
IX-B-G1,6,25.50115000N,081.42603333W,IX-B,2
IX-B-G2,6,25.50115000N,081.42603333W,IX-B,2
IX-B-G3,6,25.50115000N,081.42603333W,IX-B,6
IX-C-T,7.5,25.50106667N,081.54455000W,IX-C,28
IX-C-W,7.5,25.50106667N,081.54455000W,IX-C,
IX-C-LR,7.5,25.50106667N,081.54455000W,IX-C,
IX-C-Live,7.5,25.50106667N,081.54455000W,IX-C,4
IX-C-G1,7.5,25.50106667N,081.54455000W,IX-C,10
IX-C-G2,7.5,25.50106667N,081.54455000W,IX-C,7
IX-C-G3,7.5,25.50106667N,081.54455000W,IX-C,7
IX-D-T,9,25.49980000N,081.66963333W,IX-D,15
IX-D-W,9,25.49980000N,081.66963333W,IX-D,
IX-D-LR,9,25.49980000N,081.66963333W,IX-D,
IX-D-Live,9,25.49980000N,081.66963333W,IX-D,
IX-D-G1,9,25.49980000N,081.66963333W,IX-D,7
IX-D-G2,9,25.49980000N,081.66963333W,IX-D,3
IX-D-G3,9,25.49980000N,081.66963333W,IX-D,5
IX-E-T,11,25.49921667N,081.77748333W,IX-E,7
IX-E-W,11,25.49921667N,081.77748333W,IX-E,
IX-E-LR,11,25.49921667N,081.77748333W,IX-E,
IX-E-Live,11,25.49921667N,081.77748333W,IX-E,1
IX-E-G1,11,25.49921667N,081.77748333W,IX-E,
IX-E-G2,11,25.49921667N,081.77748333W,IX-E,
IX-E-G3,11,25.49921667N,081.77748333W,IX-E,6
IX-F-T,12,25.49691667N,081.86050000W,IX-F,6
IX-F-W,12,25.49691667N,081.86050000W,IX-F,
IX-F-LR,12,25.49691667N,081.86050000W,IX-F,
IX-F-Live,12,25.49691667N,081.86050000W,IX-F,
IX-F-G1,12,25.49691667N,081.86050000W,IX-F,5
IX-F-G2,12,25.49691667N,081.86050000W,IX-F,1
IX-F-G3,12,25.49691667N,081.86050000W,IX-F,
X-A-T,4.5,25.40066667N,081.29593333W,X-A,18
X-A-W,4.5,25.40066667N,081.29593333W,X-A,
X-A-LR,4.5,25.40066667N,081.29593333W,X-A,
X-A-Live,4.5,25.40066667N,081.29593333W,X-A,6
X-A-G1,4.5,25.40066667N,081.29593333W,X-A,10
X-A-G2,4.5,25.40066667N,081.29593333W,X-A,
X-A-G3,4.5,25.40066667N,081.29593333W,X-A,2
X-B-T,6,25.39966667N,081.40266667W,X-B,33
X-B-W,6,25.39966667N,081.40266667W,X-B,
X-B-LR,6,25.39966667N,081.40266667W,X-B,
X-B-Live,6,25.39966667N,081.40266667W,X-B,1
X-B-G1,6,25.39966667N,081.40266667W,X-B,14
X-B-G2,6,25.39966667N,081.40266667W,X-B,
X-B-G3,6,25.39966667N,081.40266667W,X-B,18
X-C-T,7.5,25.40043333N,081.52278333W,X-C,7
X-C-W,7.5,25.40043333N,081.52278333W,X-C,
X-C-LR,7.5,25.40043333N,081.52278333W,X-C,
X-C-Live,7.5,25.40043333N,081.52278333W,X-C,
X-C-G1,7.5,25.40043333N,081.52278333W,X-C,5
X-C-G2,7.5,25.40043333N,081.52278333W,X-C,2
X-C-G3,7.5,25.40043333N,081.52278333W,X-C,
X-D-T,9,25.40450000N,081.59048333W,X-D,8
X-D-W,9,25.40450000N,081.59048333W,X-D,
X-D-LR,9,25.40450000N,081.59048333W,X-D,
X-D-Live,9,25.40450000N,081.59048333W,X-D,
X-D-G1,9,25.40450000N,081.59048333W,X-D,3
X-D-G2,9,25.40450000N,081.59048333W,X-D,
X-D-G3,9,25.40450000N,081.59048333W,X-D,5
X-E-T,11,25.40170000N,081.62411667W,X-E,41
X-E-W,11,25.40170000N,081.62411667W,X-E,
X-E-LR,11,25.40170000N,081.62411667W,X-E,
X-E-Live,11,25.40170000N,081.62411667W,X-E,13
X-E-G1,11,25.40170000N,081.62411667W,X-E,
X-E-G2,11,25.40170000N,081.62411667W,X-E,
X-E-G3,11,25.40170000N,081.62411667W,X-E,28
X-F-T,12,25.39991667N,081.64415000W,X-F,24
X-F-W,12,25.39991667N,081.64415000W,X-F,
X-F-LR,12,25.39991667N,081.64415000W,X-F,
X-F-Live,12,25.39991667N,081.64415000W,X-F,1
X-F-G1,12,25.39991667N,081.64415000W,X-F,4
X-F-G2,12,25.39991667N,081.64415000W,X-F,
X-F-G3,12,25.39991667N,081.64415000W,X-F,19
XI-A-T,4.5,25.28328333N,081.27250000W,XI-A,52
XI-A-W,4.5,25.28328333N,081.27250000W,XI-A,
XI-A-LR,4.5,25.28328333N,081.27250000W,XI-A,
XI-A-Live,4.5,25.28328333N,081.27250000W,XI-A,6
XI-A-G1,4.5,25.28328333N,081.27250000W,XI-A,30
XI-A-G2,4.5,25.28328333N,081.27250000W,XI-A,9
XI-A-G3,4.5,25.28328333N,081.27250000W,XI-A,7
XI-B-T,6,25.28310000N,081.39223333W,XI-B,
XI-B-W,6,25.28310000N,081.39223333W,XI-B,
XI-B-LR,6,25.28310000N,081.39223333W,XI-B,
XI-B-Live,6,25.28310000N,081.39223333W,XI-B,
XI-B-G1,6,25.28310000N,081.39223333W,XI-B,
XI-B-G2,6,25.28310000N,081.39223333W,XI-B,
XI-B-G3,6,25.28310000N,081.39223333W,XI-B,
XI-C-T,7.5,25.29616667N,081.46718333W,XI-C,2
XI-C-W,7.5,25.29616667N,081.46718333W,XI-C,
XI-C-LR,7.5,25.29616667N,081.46718333W,XI-C,
XI-C-Live,7.5,25.29616667N,081.46718333W,XI-C,
XI-C-G1,7.5,25.29616667N,081.46718333W,XI-C,2
XI-C-G2,7.5,25.29616667N,081.46718333W,XI-C,
XI-C-G3,7.5,25.29616667N,081.46718333W,XI-C,
XI-D-T,9,25.29055000N,081.52751667W,XI-D,13
XI-D-W,9,25.29055000N,081.52751667W,XI-D,
XI-D-LR,9,25.29055000N,081.52751667W,XI-D,
XI-D-Live,9,25.29055000N,081.52751667W,XI-D,
XI-D-G1,9,25.29055000N,081.52751667W,XI-D,9
XI-D-G2,9,25.29055000N,081.52751667W,XI-D,
XI-D-G3,9,25.29055000N,081.52751667W,XI-D,4
XI-E-T,12,25.28266667N,081.65900000W,XI-E,27
XI-E-W,12,25.28266667N,081.65900000W,XI-E,
XI-E-LR,12,25.28266667N,081.65900000W,XI-E,
XI-E-Live,12,25.28266667N,081.65900000W,XI-E,1
XI-E-G1,12,25.28266667N,081.65900000W,XI-E,7
XI-E-G2,12,25.28266667N,081.65900000W,XI-E,11
XI-E-G3,12,25.28266667N,081.65900000W,XI-E,8
XII-A-T,30,27.51056667N,083.23006667W,XII-A,14
XII-A-W,30,27.51056667N,083.23006667W,XII-A,
XII-A-LR,30,27.51056667N,083.23006667W,XII-A,
XII-A-Live,30,27.51056667N,083.23006667W,XII-A,
XII-A-G1,30,27.51056667N,083.23006667W,XII-A,2
XII-A-G2,30,27.51056667N,083.23006667W,XII-A,4
XII-A-G3,30,27.51056667N,083.23006667W,XII-A,8
XII-B-T,61,27.44976667N,083.95083333W,XII-B,3
XII-B-W,61,27.44976667N,083.95083333W,XII-B,
XII-B-LR,61,27.44976667N,083.95083333W,XII-B,
XII-B-Live,61,27.44976667N,083.95083333W,XII-B,
XII-B-G1,61,27.44976667N,083.95083333W,XII-B,2
XII-B-G2,61,27.44976667N,083.95083333W,XII-B,1
XII-B-G3,61,27.44976667N,083.95083333W,XII-B,
XII-C-T,88,27.41168333N,084.27751667W,XII-C,
XII-C-W,88,27.41168333N,084.27751667W,XII-C,
XII-C-LR,88,27.41168333N,084.27751667W,XII-C,
XII-C-Live,88,27.41168333N,084.27751667W,XII-C,
XII-C-G1,88,27.41168333N,084.27751667W,XII-C,
XII-C-G2,88,27.41168333N,084.27751667W,XII-C,
XII-C-G3,88,27.41168333N,084.27751667W,XII-C,
XII-D-T,115,27.46730000N,084.36395000W,XII-D,2
XII-D-W,115,27.46730000N,084.36395000W,XII-D,
XII-D-LR,115,27.46730000N,084.36395000W,XII-D,
XII-D-Live,115,27.46730000N,084.36395000W,XII-D,
XII-D-G1,115,27.46730000N,084.36395000W,XII-D,2
XII-D-G2,115,27.46730000N,084.36395000W,XII-D,
XII-D-G3,115,27.46730000N,084.36395000W,XII-D,
XII-D2-T,108,27.41341667N,084.34298333W,XII-D2,
XII-D2-W,108,27.41341667N,084.34298333W,XII-D2,
XII-D2-LR,108,27.41341667N,084.34298333W,XII-D2,
XII-D2-Live,108,27.41341667N,084.34298333W,XII-D2,
XII-D2-G1,108,27.41341667N,084.34298333W,XII-D2,
XII-D2-G2,108,27.41341667N,084.34298333W,XII-D2,
XII-D2-G3,108,27.41341667N,084.34298333W,XII-D2,
XII-E-T,147,27.40256667N,084.51506667W,XII-E,
XII-E-W,147,27.40256667N,084.51506667W,XII-E,
XII-E-LR,147,27.40256667N,084.51506667W,XII-E,
XII-E-Live,147,27.40256667N,084.51506667W,XII-E,
XII-E-G1,147,27.40256667N,084.51506667W,XII-E,
XII-E-G2,147,27.40256667N,084.51506667W,XII-E,
XII-E-G3,147,27.40256667N,084.51506667W,XII-E,
XII-F-T,180,27.38331667N,084.63073333W,XII-F,
XII-F-W,180,27.38331667N,084.63073333W,XII-F,
XII-F-LR,180,27.38331667N,084.63073333W,XII-F,
XII-F-Live,180,27.38331667N,084.63073333W,XII-F,
XII-F-G1,180,27.38331667N,084.63073333W,XII-F,
XII-F-G2,180,27.38331667N,084.63073333W,XII-F,
XII-F-G3,180,27.38331667N,084.63073333W,XII-F,
XII-G-T,213,27.40156667N,084.73001667W,XII-G,
XII-G-W,213,27.40156667N,084.73001667W,XII-G,
XII-G-LR,213,27.40156667N,084.73001667W,XII-G,
XII-G-Live,213,27.40156667N,084.73001667W,XII-G,
XII-G-G1,213,27.40156667N,084.73001667W,XII-G,
XII-G-G2,213,27.40156667N,084.73001667W,XII-G,
XII-G-G3,213,27.40156667N,084.73001667W,XII-G,
XII-H-T,233,27.40015000N,084.77338333W,XII-H,
XII-H-W,233,27.40015000N,084.77338333W,XII-H,
XII-H-LR,233,27.40015000N,084.77338333W,XII-H,
XII-H-Live,233,27.40015000N,084.77338333W,XII-H,
XII-H-G1,233,27.40015000N,084.77338333W,XII-H,
XII-H-G2,233,27.40015000N,084.77338333W,XII-H,
XII-H-G3,233,27.40015000N,084.77338333W,XII-H,
XII-I-T,271.5,27.39726667N,084.84628333W,XII-I,
XII-I-W,271.5,27.39726667N,084.84628333W,XII-I,
XII-I-LR,271.5,27.39726667N,084.84628333W,XII-I,
XII-I-Live,271.5,27.39726667N,084.84628333W,XII-I,
XII-I-G1,271.5,27.39726667N,084.84628333W,XII-I,
XII-I-G2,271.5,27.39726667N,084.84628333W,XII-I,
XII-I-G3,271.5,27.39726667N,084.84628333W,XII-I,
XII-J-T,306,27.31596667N,084.87053333W,XII-J,
XII-J-W,306,27.31596667N,084.87053333W,XII-J,
XII-J-LR,306,27.31596667N,084.87053333W,XII-J,
XII-J-Live,306,27.31596667N,084.87053333W,XII-J,
XII-J-G1,306,27.31596667N,084.87053333W,XII-J,
XII-J-G2,306,27.31596667N,084.87053333W,XII-J,
XII-J-G3,306,27.31596667N,084.87053333W,XII-J,
XII-Z-T,15,27.53605000N,082.95766667W,XII-Z,97
XII-Z-W,15,27.53605000N,082.95766667W,XII-Z,
XII-Z-LR,15,27.53605000N,082.95766667W,XII-Z,
XII-Z-Live,15,27.53605000N,082.95766667W,XII-Z,
XII-Z-G1,15,27.53605000N,082.95766667W,XII-Z,12
XII-Z-G2,15,27.53605000N,082.95766667W,XII-Z,30
XII-Z-G3,15,27.53605000N,082.95766667W,XII-Z,55
XIII-A-T,15,24.37315000N,081.92523333W,XIII-A,18
XIII-A-W,15,24.37315000N,081.92523333W,XIII-A,
XIII-A-LR,15,24.37315000N,081.92523333W,XIII-A,
XIII-A-Live,15,24.37315000N,081.92523333W,XIII-A,1
XIII-A-G1,15,24.37315000N,081.92523333W,XIII-A,14
XIII-A-G2,15,24.37315000N,081.92523333W,XIII-A,3
XIII-A-G3,15,24.37315000N,081.92523333W,XIII-A,
XIII-B-T,17,24.73616667N,081.92965000W,XIII-B,3
XIII-B-W,17,24.73616667N,081.92965000W,XIII-B,
XIII-B-LR,17,24.73616667N,081.92965000W,XIII-B,
XIII-B-Live,17,24.73616667N,081.92965000W,XIII-B,1
XIII-B-G1,17,24.73616667N,081.92965000W,XIII-B,1
XIII-B-G2,17,24.73616667N,081.92965000W,XIII-B,1
XIII-B-G3,17,24.73616667N,081.92965000W,XIII-B,
XIII-C-T,18,24.73825000N,081.96695000W,XIII-C,26
XIII-C-W,18,24.73825000N,081.96695000W,XIII-C,
XIII-C-LR,18,24.73825000N,081.96695000W,XIII-C,
XIII-C-Live,18,24.73825000N,081.96695000W,XIII-C,12
XIII-C-G1,18,24.73825000N,081.96695000W,XIII-C,14
XIII-C-G2,18,24.73825000N,081.96695000W,XIII-C,
XIII-C-G3,18,24.73825000N,081.96695000W,XIII-C,
XIII-D-T,20,24.74093333N,082.05203333W,XIII-D,69
XIII-D-W,20,24.74093333N,082.05203333W,XIII-D,
XIII-D-LR,20,24.74093333N,082.05203333W,XIII-D,
XIII-D-Live,20,24.74093333N,082.05203333W,XIII-D,58
XIII-D-G1,20,24.74093333N,082.05203333W,XIII-D,8
XIII-D-G2,20,24.74093333N,082.05203333W,XIII-D,2
XIII-D-G3,20,24.74093333N,082.05203333W,XIII-D,1
XIII-E-T,21,24.74553333N,082.16131667W,XIII-E,16
XIII-E-W,21,24.74553333N,082.16131667W,XIII-E,
XIII-E-LR,21,24.74553333N,082.16131667W,XIII-E,
XIII-E-Live,21,24.74553333N,082.16131667W,XIII-E,11
XIII-E-G1,21,24.74553333N,082.16131667W,XIII-E,5
XIII-E-G2,21,24.74553333N,082.16131667W,XIII-E,
XIII-E-G3,21,24.74553333N,082.16131667W,XIII-E,
XIII-F-T,23,24.74916667N,082.27355000W,XIII-F,13
XIII-F-W,23,24.74916667N,082.27355000W,XIII-F,
XIII-F-LR,23,24.74916667N,082.27355000W,XIII-F,
XIII-F-Live,23,24.74916667N,082.27355000W,XIII-F,12
XIII-F-G1,23,24.74916667N,082.27355000W,XIII-F,1
XIII-F-G2,23,24.74916667N,082.27355000W,XIII-F,
XIII-F-G3,23,24.74916667N,082.27355000W,XIII-F,
XIII-G-T,24,24.75178333N,082.38881667W,XIII-G,19
XIII-G-W,24,24.75178333N,082.38881667W,XIII-G,
XIII-G-LR,24,24.75178333N,082.38881667W,XIII-G,
XIII-G-Live,24,24.75178333N,082.38881667W,XIII-G,19
XIII-G-G1,24,24.75178333N,082.38881667W,XIII-G,
XIII-G-G2,24,24.75178333N,082.38881667W,XIII-G,
XIII-G-G3,24,24.75178333N,082.38881667W,XIII-G,
XIII-H-T,26,24.75606667N,082.45011667W,XIII-H,8
XIII-H-W,26,24.75606667N,082.45011667W,XIII-H,
XIII-H-LR,26,24.75606667N,082.45011667W,XIII-H,
XIII-H-Live,26,24.75606667N,082.45011667W,XIII-H,6
XIII-H-G1,26,24.75606667N,082.45011667W,XIII-H,2
XIII-H-G2,26,24.75606667N,082.45011667W,XIII-H,
XIII-H-G3,26,24.75606667N,082.45011667W,XIII-H,
XIII-I-T,27,24.76121667N,082.54018333W,XIII-I,10
XIII-I-W,27,24.76121667N,082.54018333W,XIII-I,
XIII-I-LR,27,24.76121667N,082.54018333W,XIII-I,
XIII-I-Live,27,24.76121667N,082.54018333W,XIII-I,6
XIII-I-G1,27,24.76121667N,082.54018333W,XIII-I,3
XIII-I-G2,27,24.76121667N,082.54018333W,XIII-I,
XIII-I-G3,27,24.76121667N,082.54018333W,XIII-I,1
XIII-J-T,29,24.77655000N,082.55888333W,XIII-J,3
XIII-J-W,29,24.77655000N,082.55888333W,XIII-J,
XIII-J-LR,29,24.77655000N,082.55888333W,XIII-J,
XIII-J-Live,29,24.77655000N,082.55888333W,XIII-J,
XIII-J-G1,29,24.77655000N,082.55888333W,XIII-J,1
XIII-J-G2,29,24.77655000N,082.55888333W,XIII-J,1
XIII-J-G3,29,24.77655000N,082.55888333W,XIII-J,1
XIII-K-T,30,24.77640000N,082.58768333W,XIII-K,1
XIII-K-W,30,24.77640000N,082.58768333W,XIII-K,
XIII-K-LR,30,24.77640000N,082.58768333W,XIII-K,
XIII-K-Live,30,24.77640000N,082.58768333W,XIII-K,
XIII-K-G1,30,24.77640000N,082.58768333W,XIII-K,1
XIII-K-G2,30,24.77640000N,082.58768333W,XIII-K,
XIII-K-G3,30,24.77640000N,082.58768333W,XIII-K,
XIII-L-T,33.5,24.78695000N,082.74763333W,XIII-L,
XIII-L-W,33.5,24.78695000N,082.74763333W,XIII-L,
XIII-L-LR,33.5,24.78695000N,082.74763333W,XIII-L,
XIII-L-Live,33.5,24.78695000N,082.74763333W,XIII-L,
XIII-L-G1,33.5,24.78695000N,082.74763333W,XIII-L,
XIII-L-G2,33.5,24.78695000N,082.74763333W,XIII-L,
XIII-L-G3,33.5,24.78695000N,082.74763333W,XIII-L,
XIII-M-T,36.5,24.78590000N,082.83253333W,XIII-M,
XIII-M-W,36.5,24.78590000N,082.83253333W,XIII-M,
XIII-M-LR,36.5,24.78590000N,082.83253333W,XIII-M,
XIII-M-Live,36.5,24.78590000N,082.83253333W,XIII-M,
XIII-M-G1,36.5,24.78590000N,082.83253333W,XIII-M,
XIII-M-G2,36.5,24.78590000N,082.83253333W,XIII-M,
XIII-M-G3,36.5,24.78590000N,082.83253333W,XIII-M,
XIII-N-T,39.5,24.77641667N,082.89063333W,XIII-N,1
XIII-N-W,39.5,24.77641667N,082.89063333W,XIII-N,
XIII-N-LR,39.5,24.77641667N,082.89063333W,XIII-N,
XIII-N-Live,39.5,24.77641667N,082.89063333W,XIII-N,
XIII-N-G1,39.5,24.77641667N,082.89063333W,XIII-N,1
XIII-N-G2,39.5,24.77641667N,082.89063333W,XIII-N,
XIII-N-G3,39.5,24.77641667N,082.89063333W,XIII-N,
XIII-O-T,42.5,24.77236667N,082.97026667W,XIII-O,
XIII-O-W,42.5,24.77236667N,082.97026667W,XIII-O,
XIII-O-LR,42.5,24.77236667N,082.97026667W,XIII-O,
XIII-O-Live,42.5,24.77236667N,082.97026667W,XIII-O,
XIII-O-G1,42.5,24.77236667N,082.97026667W,XIII-O,
XIII-O-G2,42.5,24.77236667N,082.97026667W,XIII-O,
XIII-O-G3,42.5,24.77236667N,082.97026667W,XIII-O,
XIII-P-T,46,24.77093333N,083.01438333W,XIII-P,3
XIII-P-W,46,24.77093333N,083.01438333W,XIII-P,
XIII-P-LR,46,24.77093333N,083.01438333W,XIII-P,
XIII-P-Live,46,24.77093333N,083.01438333W,XIII-P,
XIII-P-G1,46,24.77093333N,083.01438333W,XIII-P,3
XIII-P-G2,46,24.77093333N,083.01438333W,XIII-P,
XIII-P-G3,46,24.77093333N,083.01438333W,XIII-P,
XIII-Q-T,49,24.78685000N,083.06691667W,XIII-Q,13
XIII-Q-W,49,24.78685000N,083.06691667W,XIII-Q,
XIII-Q-LR,49,24.78685000N,083.06691667W,XIII-Q,
XIII-Q-Live,49,24.78685000N,083.06691667W,XIII-Q,
XIII-Q-G1,49,24.78685000N,083.06691667W,XIII-Q,9
XIII-Q-G2,49,24.78685000N,083.06691667W,XIII-Q,3
XIII-Q-G3,49,24.78685000N,083.06691667W,XIII-Q,1
XIV-A-T,52,24.76970000N,083.12590000W,XIV-A,4
XIV-A-W,52,24.76970000N,083.12590000W,XIV-A,
XIV-A-LR,52,24.76970000N,083.12590000W,XIV-A,
XIV-A-Live,52,24.76970000N,083.12590000W,XIV-A,
XIV-A-G1,52,24.76970000N,083.12590000W,XIV-A,2
XIV-A-G2,52,24.76970000N,083.12590000W,XIV-A,1
XIV-A-G3,52,24.76970000N,083.12590000W,XIV-A,1
XIV-B-T,55,24.73853333N,083.13430000W,XIV-B,2
XIV-B-W,55,24.73853333N,083.13430000W,XIV-B,
XIV-B-LR,55,24.73853333N,083.13430000W,XIV-B,
XIV-B-Live,55,24.73853333N,083.13430000W,XIV-B,
XIV-B-G1,55,24.73853333N,083.13430000W,XIV-B,1
XIV-B-G2,55,24.73853333N,083.13430000W,XIV-B,
XIV-B-G3,55,24.73853333N,083.13430000W,XIV-B,1
XIV-C-T,58,24.78770000N,083.18991667W,XIV-C,3
XIV-C-W,58,24.78770000N,083.18991667W,XIV-C,
XIV-C-LR,58,24.78770000N,083.18991667W,XIV-C,
XIV-C-Live,58,24.78770000N,083.18991667W,XIV-C,
XIV-C-G1,58,24.78770000N,083.18991667W,XIV-C,1
XIV-C-G2,58,24.78770000N,083.18991667W,XIV-C,
XIV-C-G3,58,24.78770000N,083.18991667W,XIV-C,2
XIV-D-T,61,24.52203333N,083.19145000W,XIV-D,4
XIV-D-W,61,24.52203333N,083.19145000W,XIV-D,
XIV-D-LR,61,24.52203333N,083.19145000W,XIV-D,
XIV-D-Live,61,24.52203333N,083.19145000W,XIV-D,
XIV-D-G1,61,24.52203333N,083.19145000W,XIV-D,
XIV-D-G2,61,24.52203333N,083.19145000W,XIV-D,2
XIV-D-G3,61,24.52203333N,083.19145000W,XIV-D,2
XIV-E-T,82,24.46445000N,083.18688333W,XIV-E,
XIV-E-W,82,24.46445000N,083.18688333W,XIV-E,
XIV-E-LR,82,24.46445000N,083.18688333W,XIV-E,
XIV-E-Live,82,24.46445000N,083.18688333W,XIV-E,
XIV-E-G1,82,24.46445000N,083.18688333W,XIV-E,
XIV-E-G2,82,24.46445000N,083.18688333W,XIV-E,
XIV-E-G3,82,24.46445000N,083.18688333W,XIV-E,
XIV-F-T,122,24.43811667N,083.19086667W,XIV-F,
XIV-F-W,122,24.43811667N,083.19086667W,XIV-F,
XIV-F-LR,122,24.43811667N,083.19086667W,XIV-F,
XIV-F-Live,122,24.43811667N,083.19086667W,XIV-F,
XIV-F-G1,122,24.43811667N,083.19086667W,XIV-F,
XIV-F-G2,122,24.43811667N,083.19086667W,XIV-F,
XIV-F-G3,122,24.43811667N,083.19086667W,XIV-F,
XIV-G-T,152,24.41010000N,083.18853333W,XIV-G,
XIV-G-W,152,24.41010000N,083.18853333W,XIV-G,
XIV-G-LR,152,24.41010000N,083.18853333W,XIV-G,
XIV-G-Live,152,24.41010000N,083.18853333W,XIV-G,
XIV-G-G1,152,24.41010000N,083.18853333W,XIV-G,
XIV-G-G2,152,24.41010000N,083.18853333W,XIV-G,
XIV-G-G3,152,24.41010000N,083.18853333W,XIV-G,
XIV-H-T,183,24.39998333N,083.18845000W,XIV-H,
XIV-H-W,183,24.39998333N,083.18845000W,XIV-H,
XIV-H-LR,183,24.39998333N,083.18845000W,XIV-H,
XIV-H-Live,183,24.39998333N,083.18845000W,XIV-H,
XIV-H-G1,183,24.39998333N,083.18845000W,XIV-H,
XIV-H-G2,183,24.39998333N,083.18845000W,XIV-H,
XIV-H-G3,183,24.39998333N,083.18845000W,XIV-H,
XIV-I-T,213,24.39481667N,083.19310000W,XIV-I,
XIV-I-W,213,24.39481667N,083.19310000W,XIV-I,
XIV-I-LR,213,24.39481667N,083.19310000W,XIV-I,
XIV-I-Live,213,24.39481667N,083.19310000W,XIV-I,
XIV-I-G1,213,24.39481667N,083.19310000W,XIV-I,
XIV-I-G2,213,24.39481667N,083.19310000W,XIV-I,
XIV-I-G3,213,24.39481667N,083.19310000W,XIV-I,
XVI-1-T,7.5,27.60613333N,082.66510000W,XVI-1,5
XVI-1-W,7.5,27.60613333N,082.66510000W,XVI-1,
XVI-1-LR,7.5,27.60613333N,082.66510000W,XVI-1,
XVI-1-Live,7.5,27.60613333N,082.66510000W,XVI-1,
XVI-1-G1,7.5,27.60613333N,082.66510000W,XVI-1,3
XVI-1-G2,7.5,27.60613333N,082.66510000W,XVI-1,2
XVI-1-G3,7.5,27.60613333N,082.66510000W,XVI-1,
XVI-2-T,7,27.59138333N,082.73045000W,XVI-2,29
XVI-2-W,7,27.59138333N,082.73045000W,XVI-2,
XVI-2-LR,7,27.59138333N,082.73045000W,XVI-2,
XVI-2-Live,7,27.59138333N,082.73045000W,XVI-2,7
XVI-2-G1,7,27.59138333N,082.73045000W,XVI-2,20
XVI-2-G2,7,27.59138333N,082.73045000W,XVI-2,2
XVI-2-G3,7,27.59138333N,082.73045000W,XVI-2,
XVI-3-T,5,27.05798333N,082.44841667W,XVI-3,
XVI-3-W,5,27.05798333N,082.44841667W,XVI-3,
XVI-3-LR,5,27.05798333N,082.44841667W,XVI-3,
XVI-3-Live,5,27.05798333N,082.44841667W,XVI-3,
XVI-3-G1,5,27.05798333N,082.44841667W,XVI-3,
XVI-3-G2,5,27.05798333N,082.44841667W,XVI-3,
XVI-3-G3,5,27.05798333N,082.44841667W,XVI-3,
XVI-4-T,5,27.04848333N,082.44293333W,XVI-4,11
XVI-4-W,5,27.04848333N,082.44293333W,XVI-4,
XVI-4-LR,5,27.04848333N,082.44293333W,XVI-4,
XVI-4-Live,5,27.04848333N,082.44293333W,XVI-4,
XVI-4-G1,5,27.04848333N,082.44293333W,XVI-4,7
XVI-4-G2,5,27.04848333N,082.44293333W,XVI-4,4
XVI-4-G3,5,27.04848333N,082.44293333W,XVI-4,
XVI-5-T,10.5,27.05033333N,082.49998333W,XVI-5,
XVI-5-W,10.5,27.05033333N,082.49998333W,XVI-5,
XVI-5-LR,10.5,27.05033333N,082.49998333W,XVI-5,
XVI-5-Live,10.5,27.05033333N,082.49998333W,XVI-5,
XVI-5-G1,10.5,27.05033333N,082.49998333W,XVI-5,
XVI-5-G2,10.5,27.05033333N,082.49998333W,XVI-5,
XVI-5-G3,10.5,27.05033333N,082.49998333W,XVI-5,
XVI-6-T,13,27.05021667N,082.65101667W,XVI-6,6
XVI-6-W,13,27.05021667N,082.65101667W,XVI-6,
XVI-6-LR,13,27.05021667N,082.65101667W,XVI-6,
XVI-6-Live,13,27.05021667N,082.65101667W,XVI-6,1
XVI-6-G1,13,27.05021667N,082.65101667W,XVI-6,2
XVI-6-G2,13,27.05021667N,082.65101667W,XVI-6,2
XVI-6-G3,13,27.05021667N,082.65101667W,XVI-6,1
XVI-7-T,26,27.05050000N,082.88813333W,XVI-7,
XVI-7-W,26,27.05050000N,082.88813333W,XVI-7,
XVI-7-LR,26,27.05050000N,082.88813333W,XVI-7,
XVI-7-Live,26,27.05050000N,082.88813333W,XVI-7,
XVI-7-G1,26,27.05050000N,082.88813333W,XVI-7,
XVI-7-G2,26,27.05050000N,082.88813333W,XVI-7,
XVI-7-G3,26,27.05050000N,082.88813333W,XVI-7,
XVI-7.5-T,26,27.05133333N,082.86978333W,XVI-7.5,
XVI-7.5-W,26,27.05133333N,082.86978333W,XVI-7.5,
XVI-7.5-LR,26,27.05133333N,082.86978333W,XVI-7.5,
XVI-7.5-Live,26,27.05133333N,082.86978333W,XVI-7.5,
XVI-7.5-G1,26,27.05133333N,082.86978333W,XVI-7.5,
XVI-7.5-G2,26,27.05133333N,082.86978333W,XVI-7.5,
XVI-7.5-G3,26,27.05133333N,082.86978333W,XVI-7.5,
XVI-8-T,35,27.04843333N,083.08928333W,XVI-8,2
XVI-8-W,35,27.04843333N,083.08928333W,XVI-8,
XVI-8-LR,35,27.04843333N,083.08928333W,XVI-8,
XVI-8-Live,35,27.04843333N,083.08928333W,XVI-8,
XVI-8-G1,35,27.04843333N,083.08928333W,XVI-8,1
XVI-8-G2,35,27.04843333N,083.08928333W,XVI-8,
XVI-8-G3,35,27.04843333N,083.08928333W,XVI-8,1
XVI-9-T,40,27.04935000N,083.22000000W,XVI-9,2
XVI-9-W,40,27.04935000N,083.22000000W,XVI-9,
XVI-9-LR,40,27.04935000N,083.22000000W,XVI-9,
XVI-9-Live,40,27.04935000N,083.22000000W,XVI-9,1
XVI-9-G1,40,27.04935000N,083.22000000W,XVI-9,1
XVI-9-G2,40,27.04935000N,083.22000000W,XVI-9,
XVI-9-G3,40,27.04935000N,083.22000000W,XVI-9,
XVI-10-T,45,27.04901667N,083.35110000W,XVI-10,
XVI-10-W,45,27.04901667N,083.35110000W,XVI-10,
XVI-10-LR,45,27.04901667N,083.35110000W,XVI-10,
XVI-10-Live,45,27.04901667N,083.35110000W,XVI-10,
XVI-10-G1,45,27.04901667N,083.35110000W,XVI-10,
XVI-10-G2,45,27.04901667N,083.35110000W,XVI-10,
XVI-10-G3,45,27.04901667N,083.35110000W,XVI-10,
XVI-11-T,63.5,27.05586667N,083.81310000W,XVI-11,
XVI-11-W,63.5,27.05586667N,083.81310000W,XVI-11,
XVI-11-LR,63.5,27.05586667N,083.81310000W,XVI-11,
XVI-11-Live,63.5,27.05586667N,083.81310000W,XVI-11,
XVI-11-G1,63.5,27.05586667N,083.81310000W,XVI-11,
XVI-11-G2,63.5,27.05586667N,083.81310000W,XVI-11,
XVI-11-G3,63.5,27.05586667N,083.81310000W,XVI-11,
XVI-12-T,81,27.05373333N,083.99230000W,XVI-12,
XVI-12-W,81,27.05373333N,083.99230000W,XVI-12,
XVI-12-LR,81,27.05373333N,083.99230000W,XVI-12,
XVI-12-Live,81,27.05373333N,083.99230000W,XVI-12,
XVI-12-G1,81,27.05373333N,083.99230000W,XVI-12,
XVI-12-G2,81,27.05373333N,083.99230000W,XVI-12,
XVI-12-G3,81,27.05373333N,083.99230000W,XVI-12,
XVI-13-T,99,27.05183333N,084.14623333W,XVI-13,
XVI-13-W,99,27.05183333N,084.14623333W,XVI-13,
XVI-13-LR,99,27.05183333N,084.14623333W,XVI-13,
XVI-13-Live,99,27.05183333N,084.14623333W,XVI-13,
XVI-13-G1,99,27.05183333N,084.14623333W,XVI-13,
XVI-13-G2,99,27.05183333N,084.14623333W,XVI-13,
XVI-13-G3,99,27.05183333N,084.14623333W,XVI-13,
XVI-14-T,118,27.05150000N,084.21870000W,XVI-14,
XVI-14-W,118,27.05150000N,084.21870000W,XVI-14,
XVI-14-LR,118,27.05150000N,084.21870000W,XVI-14,
XVI-14-Live,118,27.05150000N,084.21870000W,XVI-14,
XVI-14-G1,118,27.05150000N,084.21870000W,XVI-14,
XVI-14-G2,118,27.05150000N,084.21870000W,XVI-14,
XVI-14-G3,118,27.05150000N,084.21870000W,XVI-14,
XVI-15-T,144,27.06115000N,084.41600000W,XVI-15,
XVI-15-W,144,27.06115000N,084.41600000W,XVI-15,
XVI-15-LR,144,27.06115000N,084.41600000W,XVI-15,
XVI-15-Live,144,27.06115000N,084.41600000W,XVI-15,
XVI-15-G1,144,27.06115000N,084.41600000W,XVI-15,
XVI-15-G2,144,27.06115000N,084.41600000W,XVI-15,
XVI-15-G3,144,27.06115000N,084.41600000W,XVI-15,
XVI-16-T,107,27.13881667N,084.26196667W,XVI-16,1
XVI-16-W,107,27.13881667N,084.26196667W,XVI-16,
XVI-16-LR,107,27.13881667N,084.26196667W,XVI-16,
XVI-16-Live,107,27.13881667N,084.26196667W,XVI-16,
XVI-16-G1,107,27.13881667N,084.26196667W,XVI-16,1
XVI-16-G2,107,27.13881667N,084.26196667W,XVI-16,
XVI-16-G3,107,27.13881667N,084.26196667W,XVI-16,
XVI-17-T,90,27.19783333N,084.17978333W,XVI-17,
XVI-17-W,90,27.19783333N,084.17978333W,XVI-17,
XVI-17-LR,90,27.19783333N,084.17978333W,XVI-17,
XVI-17-Live,90,27.19783333N,084.17978333W,XVI-17,
XVI-17-G1,90,27.19783333N,084.17978333W,XVI-17,
XVI-17-G2,90,27.19783333N,084.17978333W,XVI-17,
XVI-17-G3,90,27.19783333N,084.17978333W,XVI-17,
XVI-18-T,101,27.25551667N,084.23648333W,XVI-18,
XVI-18-W,101,27.25551667N,084.23648333W,XVI-18,
XVI-18-LR,101,27.25551667N,084.23648333W,XVI-18,
XVI-18-Live,101,27.25551667N,084.23648333W,XVI-18,
XVI-18-G1,101,27.25551667N,084.23648333W,XVI-18,
XVI-18-G2,101,27.25551667N,084.23648333W,XVI-18,
XVI-18-G3,101,27.25551667N,084.23648333W,XVI-18,
XVI-19-T,65,27.41869167N,084.04248333W,XVI-19,4
XVI-19-W,65,27.41869167N,084.04248333W,XVI-19,
XVI-19-LR,65,27.41869167N,084.04248333W,XVI-19,
XVI-19-Live,65,27.41869167N,084.04248333W,XVI-19,
XVI-19-G1,65,27.41869167N,084.04248333W,XVI-19,2
XVI-19-G2,65,27.41869167N,084.04248333W,XVI-19,2
XVI-19-G3,65,27.41869167N,084.04248333W,XVI-19,
XVII-A-T,6.1,29.14985000N,083.18398333W,XVII-A,22
XVII-A-W,6.1,29.14985000N,083.18398333W,XVII-A,
XVII-A-LR,6.1,29.14985000N,083.18398333W,XVII-A,
XVII-A-Live,6.1,29.14985000N,083.18398333W,XVII-A,
XVII-A-G1,6.1,29.14985000N,083.18398333W,XVII-A,7
XVII-A-G2,6.1,29.14985000N,083.18398333W,XVII-A,7
XVII-A-G3,6.1,29.14985000N,083.18398333W,XVII-A,8
XVII-B-T,15.5,29.00703333N,083.51978333W,XVII-B,2
XVII-B-W,15.5,29.00703333N,083.51978333W,XVII-B,
XVII-B-LR,15.5,29.00703333N,083.51978333W,XVII-B,
XVII-B-Live,15.5,29.00703333N,083.51978333W,XVII-B,
XVII-B-G1,15.5,29.00703333N,083.51978333W,XVII-B,2
XVII-B-G2,15.5,29.00703333N,083.51978333W,XVII-B,
XVII-B-G3,15.5,29.00703333N,083.51978333W,XVII-B,
XVII-C-T,21,28.91471667N,083.71900000W,XVII-C,4
XVII-C-W,21,28.91471667N,083.71900000W,XVII-C,
XVII-C-LR,21,28.91471667N,083.71900000W,XVII-C,
XVII-C-Live,21,28.91471667N,083.71900000W,XVII-C,
XVII-C-G1,21,28.91471667N,083.71900000W,XVII-C,
XVII-C-G2,21,28.91471667N,083.71900000W,XVII-C,
XVII-C-G3,21,28.91471667N,083.71900000W,XVII-C,4
XVII-D-T,30,28.74920000N,084.03490000W,XVII-D,11
XVII-D-W,30,28.74920000N,084.03490000W,XVII-D,
XVII-D-LR,30,28.74920000N,084.03490000W,XVII-D,
XVII-D-Live,30,28.74920000N,084.03490000W,XVII-D,
XVII-D-G1,30,28.74920000N,084.03490000W,XVII-D,4
XVII-D-G2,30,28.74920000N,084.03490000W,XVII-D,5
XVII-D-G3,30,28.74920000N,084.03490000W,XVII-D,2
XVII-E-T,47,28.56773333N,084.41460000W,XVII-E,1
XVII-E-W,47,28.56773333N,084.41460000W,XVII-E,
XVII-E-LR,47,28.56773333N,084.41460000W,XVII-E,
XVII-E-Live,47,28.56773333N,084.41460000W,XVII-E,
XVII-E-G1,47,28.56773333N,084.41460000W,XVII-E,
XVII-E-G2,47,28.56773333N,084.41460000W,XVII-E,1
XVII-E-G3,47,28.56773333N,084.41460000W,XVII-E,
XVII-F-T,53,28.51363333N,084.50698333W,XVII-F,
XVII-F-W,53,28.51363333N,084.50698333W,XVII-F,
XVII-F-LR,53,28.51363333N,084.50698333W,XVII-F,
XVII-F-Live,53,28.51363333N,084.50698333W,XVII-F,
XVII-F-G1,53,28.51363333N,084.50698333W,XVII-F,
XVII-F-G2,53,28.51363333N,084.50698333W,XVII-F,
XVII-F-G3,53,28.51363333N,084.50698333W,XVII-F,
XVII-G-T,64,28.44860000N,084.66896667W,XVII-G,
XVII-G-W,64,28.44860000N,084.66896667W,XVII-G,
XVII-G-LR,64,28.44860000N,084.66896667W,XVII-G,
XVII-G-Live,64,28.44860000N,084.66896667W,XVII-G,
XVII-G-G1,64,28.44860000N,084.66896667W,XVII-G,
XVII-G-G2,64,28.44860000N,084.66896667W,XVII-G,
XVII-G-G3,64,28.44860000N,084.66896667W,XVII-G,
XVII-H-T,76,28.36583333N,084.83678333W,XVII-H,1
XVII-H-W,76,28.36583333N,084.83678333W,XVII-H,
XVII-H-LR,76,28.36583333N,084.83678333W,XVII-H,
XVII-H-Live,76,28.36583333N,084.83678333W,XVII-H,
XVII-H-G1,76,28.36583333N,084.83678333W,XVII-H,1
XVII-H-G2,76,28.36583333N,084.83678333W,XVII-H,
XVII-H-G3,76,28.36583333N,084.83678333W,XVII-H,
XVII-I-T,98,28.31551667N,084.93890000W,XVII-I,
XVII-I-W,98,28.31551667N,084.93890000W,XVII-I,
XVII-I-LR,98,28.31551667N,084.93890000W,XVII-I,
XVII-I-Live,98,28.31551667N,084.93890000W,XVII-I,
XVII-I-G1,98,28.31551667N,084.93890000W,XVII-I,
XVII-I-G2,98,28.31551667N,084.93890000W,XVII-I,
XVII-I-G3,98,28.31551667N,084.93890000W,XVII-I,
XVII-J-T,127,28.30503333N,084.97956667W,XVII-J,
XVII-J-W,127,28.30503333N,084.97956667W,XVII-J,
XVII-J-LR,127,28.30503333N,084.97956667W,XVII-J,
XVII-J-Live,127,28.30503333N,084.97956667W,XVII-J,
XVII-J-G1,127,28.30503333N,084.97956667W,XVII-J,
XVII-J-G2,127,28.30503333N,084.97956667W,XVII-J,
XVII-J-G3,127,28.30503333N,084.97956667W,XVII-J,
XVII-K-T,151,28.28570000N,085.02990000W,XVII-K,
XVII-K-W,151,28.28570000N,085.02990000W,XVII-K,
XVII-K-LR,151,28.28570000N,085.02990000W,XVII-K,
XVII-K-Live,151,28.28570000N,085.02990000W,XVII-K,
XVII-K-G1,151,28.28570000N,085.02990000W,XVII-K,
XVII-K-G2,151,28.28570000N,085.02990000W,XVII-K,
XVII-K-G3,151,28.28570000N,085.02990000W,XVII-K,
XVII-L-T,34,28.25145000N,083.71115000W,XVII-L,
XVII-L-W,34,28.25145000N,083.71115000W,XVII-L,
XVII-L-LR,34,28.25145000N,083.71115000W,XVII-L,
XVII-L-Live,34,28.25145000N,083.71115000W,XVII-L,
XVII-L-G1,34,28.25145000N,083.71115000W,XVII-L,
XVII-L-G2,34,28.25145000N,083.71115000W,XVII-L,
XVII-L-G3,34,28.25145000N,083.71115000W,XVII-L,
XVII-M-T,37,28.14443333N,083.87305000W,XVII-M,9
XVII-M-W,37,28.14443333N,083.87305000W,XVII-M,
XVII-M-LR,37,28.14443333N,083.87305000W,XVII-M,
XVII-M-Live,37,28.14443333N,083.87305000W,XVII-M,
XVII-M-G1,37,28.14443333N,083.87305000W,XVII-M,1
XVII-M-G2,37,28.14443333N,083.87305000W,XVII-M,4
XVII-M-G3,37,28.14443333N,083.87305000W,XVII-M,4
XVII-N-T,37,28.02143333N,083.96731667W,XVII-N,
XVII-N-W,37,28.02143333N,083.96731667W,XVII-N,
XVII-N-LR,37,28.02143333N,083.96731667W,XVII-N,
XVII-N-Live,37,28.02143333N,083.96731667W,XVII-N,
XVII-N-G1,37,28.02143333N,083.96731667W,XVII-N,
XVII-N-G2,37,28.02143333N,083.96731667W,XVII-N,
XVII-N-G3,37,28.02143333N,083.96731667W,XVII-N,
XVII-O-T,60,27.68646667N,084.07028333W,XVII-O,1
XVII-O-W,60,27.68646667N,084.07028333W,XVII-O,
XVII-O-LR,60,27.68646667N,084.07028333W,XVII-O,
XVII-O-Live,60,27.68646667N,084.07028333W,XVII-O,
XVII-O-G1,60,27.68646667N,084.07028333W,XVII-O,1
XVII-O-G2,60,27.68646667N,084.07028333W,XVII-O,
XVII-O-G3,60,27.68646667N,084.07028333W,XVII-O,
XVIII-A-T,6.5,27.66650000N,082.61488333W,XVIII-A,
XVIII-A-W,6.5,27.66650000N,082.61488333W,XVIII-A,
XVIII-A-LR,6.5,27.66650000N,082.61488333W,XVIII-A,
XVIII-A-Live,6.5,27.66650000N,082.61488333W,XVIII-A,
XVIII-A-G1,6.5,27.66650000N,082.61488333W,XVIII-A,
XVIII-A-G2,6.5,27.66650000N,082.61488333W,XVIII-A,
XVIII-A-G3,6.5,27.66650000N,082.61488333W,XVIII-A,
XVIII-B-T,5,27.65065000N,082.60503333W,XVIII-B,17
XVIII-B-W,5,27.65065000N,082.60503333W,XVIII-B,
XVIII-B-LR,5,27.65065000N,082.60503333W,XVIII-B,
XVIII-B-Live,5,27.65065000N,082.60503333W,XVIII-B,10
XVIII-B-G1,5,27.65065000N,082.60503333W,XVIII-B,5
XVIII-B-G2,5,27.65065000N,082.60503333W,XVIII-B,
XVIII-B-G3,5,27.65065000N,082.60503333W,XVIII-B,2
XVIII-C-T,4,27.58091667N,082.68913333W,XVIII-C,49
XVIII-C-W,4,27.58091667N,082.68913333W,XVIII-C,
XVIII-C-LR,4,27.58091667N,082.68913333W,XVIII-C,
XVIII-C-Live,4,27.58091667N,082.68913333W,XVIII-C,40
XVIII-C-G1,4,27.58091667N,082.68913333W,XVIII-C,6
XVIII-C-G2,4,27.58091667N,082.68913333W,XVIII-C,2
XVIII-C-G3,4,27.58091667N,082.68913333W,XVIII-C,1
XVIII-D-T,5.5,27.59071667N,082.81098333W,XVIII-D,58
XVIII-D-W,5.5,27.59071667N,082.81098333W,XVIII-D,
XVIII-D-LR,5.5,27.59071667N,082.81098333W,XVIII-D,
XVIII-D-Live,5.5,27.59071667N,082.81098333W,XVIII-D,2
XVIII-D-G1,5.5,27.59071667N,082.81098333W,XVIII-D,17
XVIII-D-G2,5.5,27.59071667N,082.81098333W,XVIII-D,18
XVIII-D-G3,5.5,27.59071667N,082.81098333W,XVIII-D,21
XVIII-E-T,5,27.06676667N,082.45340000W,XVIII-E,1
XVIII-E-W,5,27.06676667N,082.45340000W,XVIII-E,
XVIII-E-LR,5,27.06676667N,082.45340000W,XVIII-E,
XVIII-E-Live,5,27.06676667N,082.45340000W,XVIII-E,1
XVIII-E-G1,5,27.06676667N,082.45340000W,XVIII-E,
XVIII-E-G2,5,27.06676667N,082.45340000W,XVIII-E,
XVIII-E-G3,5,27.06676667N,082.45340000W,XVIII-E,
XVIII-F-T,7.5,27.05415000N,082.46958333W,XVIII-F,25
XVIII-F-W,7.5,27.05415000N,082.46958333W,XVIII-F,
XVIII-F-LR,7.5,27.05415000N,082.46958333W,XVIII-F,
XVIII-F-Live,7.5,27.05415000N,082.46958333W,XVIII-F,19
XVIII-F-G1,7.5,27.05415000N,082.46958333W,XVIII-F,6
XVIII-F-G2,7.5,27.05415000N,082.46958333W,XVIII-F,
XVIII-F-G3,7.5,27.05415000N,082.46958333W,XVIII-F,
XVIII-G-T,10,27.02380000N,082.48508333W,XVIII-G,
XVIII-G-W,10,27.02380000N,082.48508333W,XVIII-G,
XVIII-G-LR,10,27.02380000N,082.48508333W,XVIII-G,
XVIII-G-Live,10,27.02380000N,082.48508333W,XVIII-G,
XVIII-G-G1,10,27.02380000N,082.48508333W,XVIII-G,
XVIII-G-G2,10,27.02380000N,082.48508333W,XVIII-G,
XVIII-G-G3,10,27.02380000N,082.48508333W,XVIII-G,
XVIII-H-T,4,27.01568333N,082.45856667W,XVIII-H,27
XVIII-H-W,4,27.01568333N,082.45856667W,XVIII-H,
XVIII-H-LR,4,27.01568333N,082.45856667W,XVIII-H,
XVIII-H-Live,4,27.01568333N,082.45856667W,XVIII-H,4
XVIII-H-G1,4,27.01568333N,082.45856667W,XVIII-H,11
XVIII-H-G2,4,27.01568333N,082.45856667W,XVIII-H,5
XVIII-H-G3,4,27.01568333N,082.45856667W,XVIII-H,7
XVIII-I-T,5,27.00673333N,082.41445000W,XVIII-I,
XVIII-I-W,5,27.00673333N,082.41445000W,XVIII-I,
XVIII-I-LR,5,27.00673333N,082.41445000W,XVIII-I,
XVIII-I-Live,5,27.00673333N,082.41445000W,XVIII-I,
XVIII-I-G1,5,27.00673333N,082.41445000W,XVIII-I,
XVIII-I-G2,5,27.00673333N,082.41445000W,XVIII-I,
XVIII-I-G3,5,27.00673333N,082.41445000W,XVIII-I,
XVIII-J-T,7,27.01223333N,082.42498333W,XVIII-J,1
XVIII-J-W,7,27.01223333N,082.42498333W,XVIII-J,
XVIII-J-LR,7,27.01223333N,082.42498333W,XVIII-J,
XVIII-J-Live,7,27.01223333N,082.42498333W,XVIII-J,1
XVIII-J-G1,7,27.01223333N,082.42498333W,XVIII-J,
XVIII-J-G2,7,27.01223333N,082.42498333W,XVIII-J,
XVIII-J-G3,7,27.01223333N,082.42498333W,XVIII-J,
XVIII-K-T,13,26.82948333N,082.43663333W,XVIII-K,53
XVIII-K-W,13,26.82948333N,082.43663333W,XVIII-K,
XVIII-K-LR,13,26.82948333N,082.43663333W,XVIII-K,
XVIII-K-Live,13,26.82948333N,082.43663333W,XVIII-K,2
XVIII-K-G1,13,26.82948333N,082.43663333W,XVIII-K,7
XVIII-K-G2,13,26.82948333N,082.43663333W,XVIII-K,3
XVIII-K-G3,13,26.82948333N,082.43663333W,XVIII-K,41
XVIII-L-T,35,26.71198333N,082.98246667W,XVIII-L,
XVIII-L-W,35,26.71198333N,082.98246667W,XVIII-L,
XVIII-L-LR,35,26.71198333N,082.98246667W,XVIII-L,
XVIII-L-Live,35,26.71198333N,082.98246667W,XVIII-L,
XVIII-L-G1,35,26.71198333N,082.98246667W,XVIII-L,
XVIII-L-G2,35,26.71198333N,082.98246667W,XVIII-L,
XVIII-L-G3,35,26.71198333N,082.98246667W,XVIII-L,
XVIII-O-T,36,26.68318333N,082.97460000W,XVIII-O,34
XVIII-O-W,36,26.68318333N,082.97460000W,XVIII-O,
XVIII-O-LR,36,26.68318333N,082.97460000W,XVIII-O,
XVIII-O-Live,36,26.68318333N,082.97460000W,XVIII-O,2
XVIII-O-G1,36,26.68318333N,082.97460000W,XVIII-O,5
XVIII-O-G2,36,26.68318333N,082.97460000W,XVIII-O,10
XVIII-O-G3,36,26.68318333N,082.97460000W,XVIII-O,17
XVIII-P-T,30,26.48458333N,082.81963333W,XVIII-P,29
XVIII-P-W,30,26.48458333N,082.81963333W,XVIII-P,
XVIII-P-LR,30,26.48458333N,082.81963333W,XVIII-P,
XVIII-P-Live,30,26.48458333N,082.81963333W,XVIII-P,1
XVIII-P-G1,30,26.48458333N,082.81963333W,XVIII-P,3
XVIII-P-G2,30,26.48458333N,082.81963333W,XVIII-P,6
XVIII-P-G3,30,26.48458333N,082.81963333W,XVIII-P,19
XVIII-Q-T,17.5,26.06938333N,082.21416667W,XVIII-Q,92
XVIII-Q-W,17.5,26.06938333N,082.21416667W,XVIII-Q,
XVIII-Q-LR,17.5,26.06938333N,082.21416667W,XVIII-Q,
XVIII-Q-Live,17.5,26.06938333N,082.21416667W,XVIII-Q,1
XVIII-Q-G1,17.5,26.06938333N,082.21416667W,XVIII-Q,19
XVIII-Q-G2,17.5,26.06938333N,082.21416667W,XVIII-Q,22
XVIII-Q-G3,17.5,26.06938333N,082.21416667W,XVIII-Q,50
XVIII-R-T,12,26.14186667N,082.01956667W,XVIII-R,9
XVIII-R-W,12,26.14186667N,082.01956667W,XVIII-R,
XVIII-R-LR,12,26.14186667N,082.01956667W,XVIII-R,
XVIII-R-Live,12,26.14186667N,082.01956667W,XVIII-R,
XVIII-R-G1,12,26.14186667N,082.01956667W,XVIII-R,6
XVIII-R-G2,12,26.14186667N,082.01956667W,XVIII-R,3
XVIII-R-G3,12,26.14186667N,082.01956667W,XVIII-R,
XVIII-S-T,9,26.18071667N,081.93921667W,XVIII-S,486
XVIII-S-W,9,26.18071667N,081.93921667W,XVIII-S,
XVIII-S-LR,9,26.18071667N,081.93921667W,XVIII-S,384
XVIII-S-Live,9,26.18071667N,081.93921667W,XVIII-S,96
XVIII-S-G1,9,26.18071667N,081.93921667W,XVIII-S,4
XVIII-S-G2,9,26.18071667N,081.93921667W,XVIII-S,2
XVIII-S-G3,9,26.18071667N,081.93921667W,XVIII-S,
XVIII-T-T,7.5,26.22621667N,081.87596667W,XVIII-T,43
XVIII-T-W,7.5,26.22621667N,081.87596667W,XVIII-T,
XVIII-T-LR,7.5,26.22621667N,081.87596667W,XVIII-T,
XVIII-T-Live,7.5,26.22621667N,081.87596667W,XVIII-T,43
XVIII-T-G1,7.5,26.22621667N,081.87596667W,XVIII-T,
XVIII-T-G2,7.5,26.22621667N,081.87596667W,XVIII-T,
XVIII-T-G3,7.5,26.22621667N,081.87596667W,XVIII-T,
XVIII-U-T,6,26.33155000N,081.89286667W,XVIII-U,192
XVIII-U-W,6,26.33155000N,081.89286667W,XVIII-U,
XVIII-U-LR,6,26.33155000N,081.89286667W,XVIII-U,
XVIII-U-Live,6,26.33155000N,081.89286667W,XVIII-U,161
XVIII-U-G1,6,26.33155000N,081.89286667W,XVIII-U,21
XVIII-U-G2,6,26.33155000N,081.89286667W,XVIII-U,7
XVIII-U-G3,6,26.33155000N,081.89286667W,XVIII-U,3
XVIII-V-T,7,26.35615000N,081.92345000W,XVIII-V,
XVIII-V-W,7,26.35615000N,081.92345000W,XVIII-V,
XVIII-V-LR,7,26.35615000N,081.92345000W,XVIII-V,
XVIII-V-Live,7,26.35615000N,081.92345000W,XVIII-V,
XVIII-V-G1,7,26.35615000N,081.92345000W,XVIII-V,
XVIII-V-G2,7,26.35615000N,081.92345000W,XVIII-V,
XVIII-V-G3,7,26.35615000N,081.92345000W,XVIII-V,
XVIII-W-T,6,26.39025000N,081.97338333W,XVIII-W,12
XVIII-W-W,6,26.39025000N,081.97338333W,XVIII-W,
XVIII-W-LR,6,26.39025000N,081.97338333W,XVIII-W,
XVIII-W-Live,6,26.39025000N,081.97338333W,XVIII-W,
XVIII-W-G1,6,26.39025000N,081.97338333W,XVIII-W,5
XVIII-W-G2,6,26.39025000N,081.97338333W,XVIII-W,5
XVIII-W-G3,6,26.39025000N,081.97338333W,XVIII-W,2
XVIII-X-T,11,26.30223333N,082.01631667W,XVIII-X,37
XVIII-X-W,11,26.30223333N,082.01631667W,XVIII-X,
XVIII-X-LR,11,26.30223333N,082.01631667W,XVIII-X,
XVIII-X-Live,11,26.30223333N,082.01631667W,XVIII-X,10
XVIII-X-G1,11,26.30223333N,082.01631667W,XVIII-X,12
XVIII-X-G2,11,26.30223333N,082.01631667W,XVIII-X,11
XVIII-X-G3,11,26.30223333N,082.01631667W,XVIII-X,4
XVIII-Y-T,12,26.26151667N,082.01578333W,XVIII-Y,2
XVIII-Y-W,12,26.26151667N,082.01578333W,XVIII-Y,
XVIII-Y-LR,12,26.26151667N,082.01578333W,XVIII-Y,
XVIII-Y-Live,12,26.26151667N,082.01578333W,XVIII-Y,2
XVIII-Y-G1,12,26.26151667N,082.01578333W,XVIII-Y,
XVIII-Y-G2,12,26.26151667N,082.01578333W,XVIII-Y,
XVIII-Y-G3,12,26.26151667N,082.01578333W,XVIII-Y,
XVIII-Z-T,5,27.65118333N,082.60518333W,XVIII-Z,
XVIII-Z-W,5,27.65118333N,082.60518333W,XVIII-Z,
XVIII-Z-LR,5,27.65118333N,082.60518333W,XVIII-Z,
XVIII-Z-Live,5,27.65118333N,082.60518333W,XVIII-Z,
XVIII-Z-G1,5,27.65118333N,082.60518333W,XVIII-Z,
XVIII-Z-G2,5,27.65118333N,082.60518333W,XVIII-Z,
XVIII-Z-G3,5,27.65118333N,082.60518333W,XVIII-Z,
XIX-A-T,93,26.05075000N,083.78216667W,XIX-A,
XIX-A-W,93,26.05075000N,083.78216667W,XIX-A,
XIX-A-LR,93,26.05075000N,083.78216667W,XIX-A,
XIX-A-Live,93,26.05075000N,083.78216667W,XIX-A,
XIX-A-G1,93,26.05075000N,083.78216667W,XIX-A,
XIX-A-G2,93,26.05075000N,083.78216667W,XIX-A,
XIX-A-G3,93,26.05075000N,083.78216667W,XIX-A,
XIX-B-T,119,26.16966667N,083.93578333W,XIX-B,1
XIX-B-W,119,26.16966667N,083.93578333W,XIX-B,
XIX-B-LR,119,26.16966667N,083.93578333W,XIX-B,
XIX-B-Live,119,26.16966667N,083.93578333W,XIX-B,
XIX-B-G1,119,26.16966667N,083.93578333W,XIX-B,1
XIX-B-G2,119,26.16966667N,083.93578333W,XIX-B,
XIX-B-G3,119,26.16966667N,083.93578333W,XIX-B,
XIX-C-T,145,26.28948333N,084.10330000W,XIX-C,
XIX-C-W,145,26.28948333N,084.10330000W,XIX-C,
XIX-C-LR,145,26.28948333N,084.10330000W,XIX-C,
XIX-C-Live,145,26.28948333N,084.10330000W,XIX-C,
XIX-C-G1,145,26.28948333N,084.10330000W,XIX-C,
XIX-C-G2,145,26.28948333N,084.10330000W,XIX-C,
XIX-C-G3,145,26.28948333N,084.10330000W,XIX-C,
XIX-D-T,183,26.54263333N,084.37366667W,XIX-D,
XIX-D-W,183,26.54263333N,084.37366667W,XIX-D,
XIX-D-LR,183,26.54263333N,084.37366667W,XIX-D,
XIX-D-Live,183,26.54263333N,084.37366667W,XIX-D,
XIX-D-G1,183,26.54263333N,084.37366667W,XIX-D,
XIX-D-G2,183,26.54263333N,084.37366667W,XIX-D,
XIX-D-G3,183,26.54263333N,084.37366667W,XIX-D,
XIX-E-T,218,26.68590000N,084.64648333W,XIX-E,
XIX-E-W,218,26.68590000N,084.64648333W,XIX-E,
XIX-E-LR,218,26.68590000N,084.64648333W,XIX-E,
XIX-E-Live,218,26.68590000N,084.64648333W,XIX-E,
XIX-E-G1,218,26.68590000N,084.64648333W,XIX-E,
XIX-E-G2,218,26.68590000N,084.64648333W,XIX-E,
XIX-E-G3,218,26.68590000N,084.64648333W,XIX-E,
XIX-F-T,256,26.68918333N,084.71125000W,XIX-F,
XIX-F-W,256,26.68918333N,084.71125000W,XIX-F,
XIX-F-LR,256,26.68918333N,084.71125000W,XIX-F,
XIX-F-Live,256,26.68918333N,084.71125000W,XIX-F,
XIX-F-G1,256,26.68918333N,084.71125000W,XIX-F,
XIX-F-G2,256,26.68918333N,084.71125000W,XIX-F,
XIX-F-G3,256,26.68918333N,084.71125000W,XIX-F,
XIX-G-T,365,26.70478333N,084.81200000W,XIX-G,
XIX-G-W,365,26.70478333N,084.81200000W,XIX-G,
XIX-G-LR,365,26.70478333N,084.81200000W,XIX-G,
XIX-G-Live,365,26.70478333N,084.81200000W,XIX-G,
XIX-G-G1,365,26.70478333N,084.81200000W,XIX-G,
XIX-G-G2,365,26.70478333N,084.81200000W,XIX-G,
XIX-G-G3,365,26.70478333N,084.81200000W,XIX-G,
XIX-H-T,270,26.72153333N,084.76335000W,XIX-H,
XIX-H-W,270,26.72153333N,084.76335000W,XIX-H,
XIX-H-LR,270,26.72153333N,084.76335000W,XIX-H,
XIX-H-Live,270,26.72153333N,084.76335000W,XIX-H,
XIX-H-G1,270,26.72153333N,084.76335000W,XIX-H,
XIX-H-G2,270,26.72153333N,084.76335000W,XIX-H,
XIX-H-G3,270,26.72153333N,084.76335000W,XIX-H,
XIX-I-T,170,26.82971667N,084.45275000W,XIX-I,
XIX-I-W,170,26.82971667N,084.45275000W,XIX-I,
XIX-I-LR,170,26.82971667N,084.45275000W,XIX-I,
XIX-I-Live,171,26.82971667N,084.45275000W,XIX-I,
XIX-I-G1,172,26.82971667N,084.45275000W,XIX-I,
XIX-I-G2,173,26.82971667N,084.45275000W,XIX-I,
XIX-I-G3,174,26.82971667N,084.45275000W,XIX-I,
XX-A-T,13,25.36530000N,081.90256667W,XX-A,20
XX-A-W,13,25.36530000N,081.90256667W,XX-A,
XX-A-LR,13,25.36530000N,081.90256667W,XX-A,
XX-A-Live,13,25.36530000N,081.90256667W,XX-A,4
XX-A-G1,13,25.36530000N,081.90256667W,XX-A,11
XX-A-G2,13,25.36530000N,081.90256667W,XX-A,3
XX-A-G3,13,25.36530000N,081.90256667W,XX-A,2
XX-B-T,20,25.36726667N,082.10600000W,XX-B,5
XX-B-W,20,25.36726667N,082.10600000W,XX-B,
XX-B-LR,20,25.36726667N,082.10600000W,XX-B,
XX-B-Live,20,25.36726667N,082.10600000W,XX-B,
XX-B-G1,20,25.36726667N,082.10600000W,XX-B,3
XX-B-G2,20,25.36726667N,082.10600000W,XX-B,
XX-B-G3,20,25.36726667N,082.10600000W,XX-B,2
XX-C-T,29,25.37108333N,082.47465000W,XX-C,22
XX-C-W,29,25.37108333N,082.47465000W,XX-C,
XX-C-LR,29,25.37108333N,082.47465000W,XX-C,
XX-C-Live,29,25.37108333N,082.47465000W,XX-C,4
XX-C-G1,29,25.37108333N,082.47465000W,XX-C,14
XX-C-G2,29,25.37108333N,082.47465000W,XX-C,1
XX-C-G3,29,25.37108333N,082.47465000W,XX-C,3
XX-D-T,43.5,25.36950000N,082.84986667W,XX-D,12
XX-D-W,43.5,25.36950000N,082.84986667W,XX-D,
XX-D-LR,43.5,25.36950000N,082.84986667W,XX-D,
XX-D-Live,43.5,25.36950000N,082.84986667W,XX-D,
XX-D-G1,43.5,25.36950000N,082.84986667W,XX-D,10
XX-D-G2,43.5,25.36950000N,082.84986667W,XX-D,2
XX-D-G3,43.5,25.36950000N,082.84986667W,XX-D,
XX-E-T,57,25.36973333N,083.21450000W,XX-E,
XX-E-W,57,25.36973333N,083.21450000W,XX-E,
XX-E-LR,57,25.36973333N,083.21450000W,XX-E,
XX-E-Live,57,25.36973333N,083.21450000W,XX-E,
XX-E-G1,57,25.36973333N,083.21450000W,XX-E,
XX-E-G2,57,25.36973333N,083.21450000W,XX-E,
XX-E-G3,57,25.36973333N,083.21450000W,XX-E,
XX-F-T,73,25.36871667N,083.61968333W,XX-F,
XX-F-W,73,25.36871667N,083.61968333W,XX-F,
XX-F-LR,73,25.36871667N,083.61968333W,XX-F,
XX-F-Live,73,25.36871667N,083.61968333W,XX-F,
XX-F-G1,73,25.36871667N,083.61968333W,XX-F,
XX-F-G2,73,25.36871667N,083.61968333W,XX-F,
XX-F-G3,73,25.36871667N,083.61968333W,XX-F,
XX-G-T,87,25.36621667N,083.71021667W,XX-G,
XX-G-W,87,25.36621667N,083.71021667W,XX-G,
XX-G-LR,87,25.36621667N,083.71021667W,XX-G,
XX-G-Live,87,25.36621667N,083.71021667W,XX-G,
XX-G-G1,87,25.36621667N,083.71021667W,XX-G,
XX-G-G2,87,25.36621667N,083.71021667W,XX-G,
XX-G-G3,87,25.36621667N,083.71021667W,XX-G,
XX-H-T,120,25.37956667N,083.89248333W,XX-H,
XX-H-W,120,25.37956667N,083.89248333W,XX-H,
XX-H-LR,120,25.37956667N,083.89248333W,XX-H,
XX-H-Live,120,25.37956667N,083.89248333W,XX-H,
XX-H-G1,120,25.37956667N,083.89248333W,XX-H,
XX-H-G2,120,25.37956667N,083.89248333W,XX-H,
XX-H-G3,120,25.37956667N,083.89248333W,XX-H,
XX-I-T,150,25.37678333N,084.17786667W,XX-I,
XX-I-W,150,25.37678333N,084.17786667W,XX-I,
XX-I-LR,150,25.37678333N,084.17786667W,XX-I,
XX-I-Live,150,25.37678333N,084.17786667W,XX-I,
XX-I-G1,150,25.37678333N,084.17786667W,XX-I,
XX-I-G2,150,25.37678333N,084.17786667W,XX-I,
XX-I-G3,150,25.37678333N,084.17786667W,XX-I,
XX-J-T,184.5,25.35828333N,084.31628333W,XX-J,
XX-J-W,184.5,25.35828333N,084.31628333W,XX-J,
XX-J-LR,184.5,25.35828333N,084.31628333W,XX-J,
XX-J-Live,184.5,25.35828333N,084.31628333W,XX-J,
XX-J-G1,184.5,25.35828333N,084.31628333W,XX-J,
XX-J-G2,184.5,25.35828333N,084.31628333W,XX-J,
XX-J-G3,184.5,25.35828333N,084.31628333W,XX-J,
XX-K-T,247,25.36473333N,084.34500000W,XX-K,
XX-K-W,247,25.36473333N,084.34500000W,XX-K,
XX-K-LR,247,25.36473333N,084.34500000W,XX-K,
XX-K-Live,247,25.36473333N,084.34500000W,XX-K,
XX-K-G1,247,25.36473333N,084.34500000W,XX-K,
XX-K-G2,247,25.36473333N,084.34500000W,XX-K,
XX-K-G3,247,25.36473333N,084.34500000W,XX-K,
XX-L-T,218,25.31800000N,084.32583333W,XX-L,
XX-L-W,218,25.31800000N,084.32583333W,XX-L,
XX-L-LR,218,25.31800000N,084.32583333W,XX-L,
XX-L-Live,218,25.31800000N,084.32583333W,XX-L,
XX-L-G1,218,25.31800000N,084.32583333W,XX-L,
XX-L-G2,218,25.31800000N,084.32583333W,XX-L,
XX-L-G3,218,25.31800000N,084.32583333W,XX-L,
XX-M-T,282,25.35368333N,084.37120000W,XX-M,
XX-M-W,282,25.35368333N,084.37120000W,XX-M,
XX-M-LR,282,25.35368333N,084.37120000W,XX-M,
XX-M-Live,282,25.35368333N,084.37120000W,XX-M,
XX-M-G1,282,25.35368333N,084.37120000W,XX-M,
XX-M-G2,282,25.35368333N,084.37120000W,XX-M,
XX-M-G3,282,25.35368333N,084.37120000W,XX-M,
XX-N-T,312,25.36068333N,084.39180000W,XX-N,
XX-N-W,312,25.36068333N,084.39180000W,XX-N,
XX-N-LR,312,25.36068333N,084.39180000W,XX-N,
XX-N-Live,312,25.36068333N,084.39180000W,XX-N,
XX-N-G1,312,25.36068333N,084.39180000W,XX-N,
XX-N-G2,312,25.36068333N,084.39180000W,XX-N,
XX-N-G3,312,25.36068333N,084.39180000W,XX-N,
XX-O-T,334,25.36233333N,084.40461667W,XX-O,
XX-O-W,334,25.36233333N,084.40461667W,XX-O,
XX-O-LR,334,25.36233333N,084.40461667W,XX-O,
XX-O-Live,334,25.36233333N,084.40461667W,XX-O,
XX-O-G1,334,25.36233333N,084.40461667W,XX-O,
XX-O-G2,334,25.36233333N,084.40461667W,XX-O,
XX-O-G3,334,25.36233333N,084.40461667W,XX-O,
XX-P-T,364,25.36091667N,084.42040000W,XX-P,
XX-P-W,364,25.36091667N,084.42040000W,XX-P,
XX-P-LR,364,25.36091667N,084.42040000W,XX-P,
XX-P-Live,364,25.36091667N,084.42040000W,XX-P,
XX-P-G1,364,25.36091667N,084.42040000W,XX-P,
XX-P-G2,364,25.36091667N,084.42040000W,XX-P,
XX-P-G3,364,25.36091667N,084.42040000W,XX-P,
XXI-A-T,363,26.52093333N,084.77408333W,XXI-A,
XXI-A-W,363,26.52093333N,084.77408333W,XXI-A,
XXI-A-LR,363,26.52093333N,084.77408333W,XXI-A,
XXI-A-Live,363,26.52093333N,084.77408333W,XXI-A,
XXI-A-G1,363,26.52093333N,084.77408333W,XXI-A,
XXI-A-G2,363,26.52093333N,084.77408333W,XXI-A,
XXI-A-G3,363,26.52093333N,084.77408333W,XXI-A,
XXI-B-T,333,26.50751667N,084.75581667W,XXI-B,
XXI-B-W,333,26.50751667N,084.75581667W,XXI-B,
XXI-B-LR,333,26.50751667N,084.75581667W,XXI-B,
XXI-B-Live,333,26.50751667N,084.75581667W,XXI-B,
XXI-B-G1,333,26.50751667N,084.75581667W,XXI-B,
XXI-B-G2,333,26.50751667N,084.75581667W,XXI-B,
XXI-B-G3,333,26.50751667N,084.75581667W,XXI-B,
XXI-C-T,302,26.51021667N,084.74288333W,XXI-C,
XXI-C-W,302,26.51021667N,084.74288333W,XXI-C,
XXI-C-LR,302,26.51021667N,084.74288333W,XXI-C,
XXI-C-Live,302,26.51021667N,084.74288333W,XXI-C,
XXI-C-G1,302,26.51021667N,084.74288333W,XXI-C,
XXI-C-G2,302,26.51021667N,084.74288333W,XXI-C,
XXI-C-G3,302,26.51021667N,084.74288333W,XXI-C,
XXI-D-T,273,26.47533333N,084.70961667W,XXI-D,
XXI-D-W,273,26.47533333N,084.70961667W,XXI-D,
XXI-D-LR,273,26.47533333N,084.70961667W,XXI-D,
XXI-D-Live,273,26.47533333N,084.70961667W,XXI-D,
XXI-D-G1,273,26.47533333N,084.70961667W,XXI-D,
XXI-D-G2,273,26.47533333N,084.70961667W,XXI-D,
XXI-D-G3,273,26.47533333N,084.70961667W,XXI-D,
XXI-E-T,241,26.50405000N,084.66955000W,XXI-E,
XXI-E-W,241,26.50405000N,084.66955000W,XXI-E,
XXI-E-LR,241,26.50405000N,084.66955000W,XXI-E,
XXI-E-Live,241,26.50405000N,084.66955000W,XXI-E,
XXI-E-G1,241,26.50405000N,084.66955000W,XXI-E,
XXI-E-G2,241,26.50405000N,084.66955000W,XXI-E,
XXI-E-G3,241,26.50405000N,084.66955000W,XXI-E,
XXI-F-T,226,26.47650000N,084.63705000W,XXI-F,
XXI-F-W,226,26.47650000N,084.63705000W,XXI-F,
XXI-F-LR,226,26.47650000N,084.63705000W,XXI-F,
XXI-F-Live,226,26.47650000N,084.63705000W,XXI-F,
XXI-F-G1,226,26.47650000N,084.63705000W,XXI-F,
XXI-F-G2,226,26.47650000N,084.63705000W,XXI-F,
XXI-F-G3,226,26.47650000N,084.63705000W,XXI-F,
XXI-G-T,199,26.48471667N,084.53451667W,XXI-G,
XXI-G-W,199,26.48471667N,084.53451667W,XXI-G,
XXI-G-LR,199,26.48471667N,084.53451667W,XXI-G,
XXI-G-Live,199,26.48471667N,084.53451667W,XXI-G,
XXI-G-G1,199,26.48471667N,084.53451667W,XXI-G,
XXI-G-G2,199,26.48471667N,084.53451667W,XXI-G,
XXI-G-G3,199,26.48471667N,084.53451667W,XXI-G,
XXI-H-T,180,26.48970000N,084.33293333W,XXI-H,
XXI-H-W,180,26.48970000N,084.33293333W,XXI-H,
XXI-H-LR,180,26.48970000N,084.33293333W,XXI-H,
XXI-H-Live,180,26.48970000N,084.33293333W,XXI-H,
XXI-H-G1,180,26.48970000N,084.33293333W,XXI-H,
XXI-H-G2,180,26.48970000N,084.33293333W,XXI-H,
XXI-H-G3,180,26.48970000N,084.33293333W,XXI-H,
XXI-I-T,172,26.46433333N,084.29023333W,XXI-I,
XXI-I-W,172,26.46433333N,084.29023333W,XXI-I,
XXI-I-LR,172,26.46433333N,084.29023333W,XXI-I,
XXI-I-Live,172,26.46433333N,084.29023333W,XXI-I,
XXI-I-G1,172,26.46433333N,084.29023333W,XXI-I,
XXI-I-G2,172,26.46433333N,084.29023333W,XXI-I,
XXI-I-G3,172,26.46433333N,084.29023333W,XXI-I,
XXI-J-T,150,26.49356667N,084.16635000W,XXI-J,
XXI-J-W,150,26.49356667N,084.16635000W,XXI-J,
XXI-J-LR,150,26.49356667N,084.16635000W,XXI-J,
XXI-J-Live,150,26.49356667N,084.16635000W,XXI-J,
XXI-J-G1,150,26.49356667N,084.16635000W,XXI-J,
XXI-J-G2,150,26.49356667N,084.16635000W,XXI-J,
XXI-J-G3,150,26.49356667N,084.16635000W,XXI-J,
XXI-K-T,119,26.50111667N,083.99985000W,XXI-K,
XXI-K-W,119,26.50111667N,083.99985000W,XXI-K,
XXI-K-LR,119,26.50111667N,083.99985000W,XXI-K,
XXI-K-Live,119,26.50111667N,083.99985000W,XXI-K,
XXI-K-G1,119,26.50111667N,083.99985000W,XXI-K,
XXI-K-G2,119,26.50111667N,083.99985000W,XXI-K,
XXI-K-G3,119,26.50111667N,083.99985000W,XXI-K,
XXI-L-T,81,26.50678333N,083.81103333W,XXI-L,
XXI-L-W,81,26.50678333N,083.81103333W,XXI-L,
XXI-L-LR,81,26.50678333N,083.81103333W,XXI-L,
XXI-L-Live,82,26.50678333N,083.81103333W,XXI-L,
XXI-L-G1,83,26.50678333N,083.81103333W,XXI-L,
XXI-L-G2,84,26.50678333N,083.81103333W,XXI-L,
XXI-L-G3,85,26.50678333N,083.81103333W,XXI-L,
XXI-M-T,68,26.49993333N,083.71663333W,XXI-M,
XXI-M-W,68,26.49993333N,083.71663333W,XXI-M,
XXI-M-LR,68,26.49993333N,083.71663333W,XXI-M,
XXI-M-Live,68,26.49993333N,083.71663333W,XXI-M,
XXI-M-G1,68,26.49993333N,083.71663333W,XXI-M,
XXI-M-G2,68,26.49993333N,083.71663333W,XXI-M,
XXI-M-G3,68,26.49993333N,083.71663333W,XXI-M,
XXI-N-T,55.5,26.49023333N,083.49255000W,XXI-N,
XXI-N-W,55.5,26.49023333N,083.49255000W,XXI-N,
XXI-N-LR,55.5,26.49023333N,083.49255000W,XXI-N,
XXI-N-Live,55.5,26.49023333N,083.49255000W,XXI-N,
XXI-N-G1,55.5,26.49023333N,083.49255000W,XXI-N,
XXI-N-G2,55.5,26.49023333N,083.49255000W,XXI-N,
XXI-N-G3,55.5,26.49023333N,083.49255000W,XXI-N,
XXI-O-T,45,26.49410000N,083.21510000W,XXI-O,1
XXI-O-W,45,26.49410000N,083.21510000W,XXI-O,
XXI-O-LR,45,26.49410000N,083.21510000W,XXI-O,
XXI-O-Live,45,26.49410000N,083.21510000W,XXI-O,
XXI-O-G1,45,26.49410000N,083.21510000W,XXI-O,1
XXI-O-G2,45,26.49410000N,083.21510000W,XXI-O,
XXI-O-G3,45,26.49410000N,083.21510000W,XXI-O,
XXII-A-T,5,28.29783333N,082.95566667W,XXII-A,
XXII-A-W,5,28.29783333N,082.95566667W,XXII-A,
XXII-A-LR,5,28.29783333N,082.95566667W,XXII-A,
XXII-A-Live,5,28.29783333N,082.95566667W,XXII-A,
XXII-A-G1,5,28.29783333N,082.95566667W,XXII-A,
XXII-A-G2,5,28.29783333N,082.95566667W,XXII-A,
XXII-A-G3,5,28.29783333N,082.95566667W,XXII-A,
XXII-B-T,7.5,28.28483333N,082.97883333W,XXII-B,6
XXII-B-W,7.5,28.28483333N,082.97883333W,XXII-B,
XXII-B-LR,7.5,28.28483333N,082.97883333W,XXII-B,
XXII-B-Live,7.5,28.28483333N,082.97883333W,XXII-B,2
XXII-B-G1,7.5,28.28483333N,082.97883333W,XXII-B,3
XXII-B-G2,7.5,28.28483333N,082.97883333W,XXII-B,
XXII-B-G3,7.5,28.28483333N,082.97883333W,XXII-B,1
XXII-C-T,10.5,28.27850000N,083.03450000W,XXII-C,
XXII-C-W,10.5,28.27850000N,083.03450000W,XXII-C,
XXII-C-LR,10.5,28.27850000N,083.03450000W,XXII-C,
XXII-C-Live,11.5,28.27850000N,083.03450000W,XXII-C,
XXII-C-G1,12.5,28.27850000N,083.03450000W,XXII-C,
XXII-C-G2,13.5,28.27850000N,083.03450000W,XXII-C,
XXII-C-G3,14.5,28.27850000N,083.03450000W,XXII-C,
XXII-D-T,17,28.26842500N,083.16692000W,XXII-D,3
XXII-D-W,17,28.26842500N,083.16692000W,XXII-D,
XXII-D-LR,17,28.26842500N,083.16692000W,XXII-D,
XXII-D-Live,17,28.26842500N,083.16692000W,XXII-D,
XXII-D-G1,17,28.26842500N,083.16692000W,XXII-D,3
XXII-D-G2,17,28.26842500N,083.16692000W,XXII-D,
XXII-D-G3,17,28.26842500N,083.16692000W,XXII-D,
XXII-E-T,16,28.25289200N,083.19599000W,XXII-E,3
XXII-E-W,16,28.25289200N,083.19599000W,XXII-E,
XXII-E-LR,16,28.25289200N,083.19599000W,XXII-E,
XXII-E-Live,16,28.25289200N,083.19599000W,XXII-E,
XXII-E-G1,16,28.25289200N,083.19599000W,XXII-E,3
XXII-E-G2,16,28.25289200N,083.19599000W,XXII-E,
XXII-E-G3,16,28.25289200N,083.19599000W,XXII-E,
XXII-F-T,24,28.19592833N,083.41375500W,XXII-F,22
XXII-F-W,24,28.19592833N,083.41375500W,XXII-F,
XXII-F-LR,24,28.19592833N,083.41375500W,XXII-F,
XXII-F-Live,24,28.19592833N,083.41375500W,XXII-F,
XXII-F-G1,24,28.19592833N,083.41375500W,XXII-F,2
XXII-F-G2,24,28.19592833N,083.41375500W,XXII-F,10
XXII-F-G3,24,28.19592833N,083.41375500W,XXII-F,10
XXII-G-T,30,28.16533333N,083.56023167W,XXII-G,8
XXII-G-W,30,28.16533333N,083.56023167W,XXII-G,
XXII-G-LR,30,28.16533333N,083.56023167W,XXII-G,
XXII-G-Live,30,28.16533333N,083.56023167W,XXII-G,
XXII-G-G1,30,28.16533333N,083.56023167W,XXII-G,2
XXII-G-G2,30,28.16533333N,083.56023167W,XXII-G,2
XXII-G-G3,30,28.16533333N,083.56023167W,XXII-G,4
XXII-H-T,46,28.05067000N,084.04190167W,XXII-H,4
XXII-H-W,46,28.05067000N,084.04190167W,XXII-H,
XXII-H-LR,46,28.05067000N,084.04190167W,XXII-H,
XXII-H-Live,46,28.05067000N,084.04190167W,XXII-H,
XXII-H-G1,46,28.05067000N,084.04190167W,XXII-H,1
XXII-H-G2,46,28.05067000N,084.04190167W,XXII-H,1
XXII-H-G3,46,28.05067000N,084.04190167W,XXII-H,2
XXII-I-T,61,28.00575833N,084.32902000W,XXII-I,
XXII-I-W,61,28.00575833N,084.32902000W,XXII-I,
XXII-I-LR,61,28.00575833N,084.32902000W,XXII-I,
XXII-I-Live,61,28.00575833N,084.32902000W,XXII-I,
XXII-I-G1,61,28.00575833N,084.32902000W,XXII-I,
XXII-I-G2,61,28.00575833N,084.32902000W,XXII-I,
XXII-I-G3,61,28.00575833N,084.32902000W,XXII-I,
XXII-J-T,76,27.94609000N,084.41802500W,XXII-J,
XXII-J-W,76,27.94609000N,084.41802500W,XXII-J,
XXII-J-LR,76,27.94609000N,084.41802500W,XXII-J,
XXII-J-Live,76,27.94609000N,084.41802500W,XXII-J,
XXII-J-G1,76,27.94609000N,084.41802500W,XXII-J,
XXII-J-G2,76,27.94609000N,084.41802500W,XXII-J,
XXII-J-G3,76,27.94609000N,084.41802500W,XXII-J,
XXII-K-T,76,27.94485500N,084.43708667W,XXII-K,3
XXII-K-W,76,27.94485500N,084.43708667W,XXII-K,
XXII-K-LR,76,27.94485500N,084.43708667W,XXII-K,
XXII-K-Live,76,27.94485500N,084.43708667W,XXII-K,
XXII-K-G1,76,27.94485500N,084.43708667W,XXII-K,1
XXII-K-G2,76,27.94485500N,084.43708667W,XXII-K,1
XXII-K-G3,76,27.94485500N,084.43708667W,XXII-K,1
XXII-L-T,91,27.92681667N,084.52395833W,XXII-L,2
XXII-L-W,91,27.92681667N,084.52395833W,XXII-L,
XXII-L-LR,91,27.92681667N,084.52395833W,XXII-L,
XXII-L-Live,91,27.92681667N,084.52395833W,XXII-L,
XXII-L-G1,91,27.92681667N,084.52395833W,XXII-L,
XXII-L-G2,91,27.92681667N,084.52395833W,XXII-L,
XXII-L-G3,91,27.92681667N,084.52395833W,XXII-L,2
XXII-M-T,79,27.92338000N,084.46833833W,XXII-M,
XXII-M-W,79,27.92338000N,084.46833833W,XXII-M,
XXII-M-LR,79,27.92338000N,084.46833833W,XXII-M,
XXII-M-Live,79,27.92338000N,084.46833833W,XXII-M,
XXII-M-G1,79,27.92338000N,084.46833833W,XXII-M,
XXII-M-G2,79,27.92338000N,084.46833833W,XXII-M,
XXII-M-G3,79,27.92338000N,084.46833833W,XXII-M,
XXII-N-T,97.5,27.93071000N,084.56096667W,XXII-N,2
XXII-N-W,97.5,27.93071000N,084.56096667W,XXII-N,
XXII-N-LR,97.5,27.93071000N,084.56096667W,XXII-N,
XXII-N-Live,97.5,27.93071000N,084.56096667W,XXII-N,
XXII-N-G1,97.5,27.93071000N,084.56096667W,XXII-N,2
XXII-N-G2,97.5,27.93071000N,084.56096667W,XXII-N,
XXII-N-G3,97.5,27.93071000N,084.56096667W,XXII-N,
XXII-O-T,106.5,27.92959167N,084.60278167W,XXII-O,
XXII-O-W,106.5,27.92959167N,084.60278167W,XXII-O,
XXII-O-LR,106.5,27.92959167N,084.60278167W,XXII-O,
XXII-O-Live,106.5,27.92959167N,084.60278167W,XXII-O,
XXII-O-G1,106.5,27.92959167N,084.60278167W,XXII-O,
XXII-O-G2,106.5,27.92959167N,084.60278167W,XXII-O,
XXII-O-G3,106.5,27.92959167N,084.60278167W,XXII-O,
XXII-P-T,110,27.94233333N,084.62316667W,XXII-P,
XXII-P-W,110,27.94233333N,084.62316667W,XXII-P,
XXII-P-LR,110,27.94233333N,084.62316667W,XXII-P,
XXII-P-Live,110,27.94233333N,084.62316667W,XXII-P,
XXII-P-G1,110,27.94233333N,084.62316667W,XXII-P,
XXII-P-G2,110,27.94233333N,084.62316667W,XXII-P,
XXII-P-G3,110,27.94233333N,084.62316667W,XXII-P,
XXII-Q-T,122,27.95150000N,084.65450000W,XXII-Q,
XXII-Q-W,122,27.95150000N,084.65450000W,XXII-Q,
XXII-Q-LR,122,27.95150000N,084.65450000W,XXII-Q,
XXII-Q-Live,122,27.95150000N,084.65450000W,XXII-Q,
XXII-Q-G1,122,27.95150000N,084.65450000W,XXII-Q,
XXII-Q-G2,122,27.95150000N,084.65450000W,XXII-Q,
XXII-Q-G3,122,27.95150000N,084.65450000W,XXII-Q,
XXII-R-T,137,27.89561667N,084.63706667W,XXII-R,
XXII-R-W,137,27.89561667N,084.63706667W,XXII-R,
XXII-R-LR,137,27.89561667N,084.63706667W,XXII-R,
XXII-R-Live,137,27.89561667N,084.63706667W,XXII-R,
XXII-R-G1,137,27.89561667N,084.63706667W,XXII-R,
XXII-R-G2,137,27.89561667N,084.63706667W,XXII-R,
XXII-R-G3,137,27.89561667N,084.63706667W,XXII-R,
XXII-S-T,152,27.90727167N,084.67051667W,XXII-S,
XXII-S-W,152,27.90727167N,084.67051667W,XXII-S,
XXII-S-LR,152,27.90727167N,084.67051667W,XXII-S,
XXII-S-Live,152,27.90727167N,084.67051667W,XXII-S,
XXII-S-G1,152,27.90727167N,084.67051667W,XXII-S,
XXII-S-G2,152,27.90727167N,084.67051667W,XXII-S,
XXII-S-G3,152,27.90727167N,084.67051667W,XXII-S,
XXII-T-T,167.5,27.90383333N,084.70316667W,XXII-T,
XXII-T-W,167.5,27.90383333N,084.70316667W,XXII-T,
XXII-T-LR,167.5,27.90383333N,084.70316667W,XXII-T,
XXII-T-Live,167.5,27.90383333N,084.70316667W,XXII-T,
XXII-T-G1,167.5,27.90383333N,084.70316667W,XXII-T,
XXII-T-G2,167.5,27.90383333N,084.70316667W,XXII-T,
XXII-T-G3,167.5,27.90383333N,084.70316667W,XXII-T,
XXII-U-T,183,27.85435000N,084.70915000W,XXII-U,
XXII-U-W,183,27.85435000N,084.70915000W,XXII-U,
XXII-U-LR,183,27.85435000N,084.70915000W,XXII-U,
XXII-U-Live,183,27.85435000N,084.70915000W,XXII-U,
XXII-U-G1,183,27.85435000N,084.70915000W,XXII-U,
XXII-U-G2,183,27.85435000N,084.70915000W,XXII-U,
XXII-U-G3,183,27.85435000N,084.70915000W,XXII-U,
XXII-V-T,198,27.85642833N,084.75646667W,XXII-V,
XXII-V-W,198,27.85642833N,084.75646667W,XXII-V,
XXII-V-LR,198,27.85642833N,084.75646667W,XXII-V,
XXII-V-Live,198,27.85642833N,084.75646667W,XXII-V,
XXII-V-G1,198,27.85642833N,084.75646667W,XXII-V,
XXII-V-G2,198,27.85642833N,084.75646667W,XXII-V,
XXII-V-G3,198,27.85642833N,084.75646667W,XXII-V,
XXII-W-T,213,27.86843667N,084.80693167W,XXII-W,
XXII-W-W,213,27.86843667N,084.80693167W,XXII-W,
XXII-W-LR,213,27.86843667N,084.80693167W,XXII-W,
XXII-W-Live,213,27.86843667N,084.80693167W,XXII-W,
XXII-W-G1,213,27.86843667N,084.80693167W,XXII-W,
XXII-W-G2,213,27.86843667N,084.80693167W,XXII-W,
XXII-W-G3,213,27.86843667N,084.80693167W,XXII-W,
XXII-X-T,213,27.82783333N,084.76800000W,XXII-X,
XXII-X-W,213,27.82783333N,084.76800000W,XXII-X,
XXII-X-LR,213,27.82783333N,084.76800000W,XXII-X,
XXII-X-Live,213,27.82783333N,084.76800000W,XXII-X,
XXII-X-G1,213,27.82783333N,084.76800000W,XXII-X,
XXII-X-G2,213,27.82783333N,084.76800000W,XXII-X,
XXII-X-G3,213,27.82783333N,084.76800000W,XXII-X,
XXII-Y-T,228.5,27.83174333N,084.83230167W,XXII-Y,
XXII-Y-W,228.5,27.83174333N,084.83230167W,XXII-Y,
XXII-Y-LR,228.5,27.83174333N,084.83230167W,XXII-Y,
XXII-Y-Live,228.5,27.83174333N,084.83230167W,XXII-Y,
XXII-Y-G1,228.5,27.83174333N,084.83230167W,XXII-Y,
XXII-Y-G2,228.5,27.83174333N,084.83230167W,XXII-Y,
XXII-Y-G3,228.5,27.83174333N,084.83230167W,XXII-Y,
XXII-Z-T,228.5,27.82866000N,084.74829000W,XXII-Z,
XXII-Z-W,229.5,27.82866000N,084.74829000W,XXII-Z,
XXII-Z-LR,230.5,27.82866000N,084.74829000W,XXII-Z,
XXII-Z-Live,228.5,27.82866000N,084.74829000W,XXII-Z,
XXII-Z-G1,228.5,27.82866000N,084.74829000W,XXII-Z,
XXII-Z-G2,228.5,27.82866000N,084.74829000W,XXII-Z,
XXII-Z-G3,228.5,27.82866000N,084.74829000W,XXII-Z,
XXII-ZA-T,244,27.81633333N,084.84416667W,XXII-ZA,
XXII-ZA-W,245,27.81633333N,084.84416667W,XXII-ZA,
XXII-ZA-LR,246,27.81633333N,084.84416667W,XXII-ZA,
XXII-ZA-Live,244,27.81633333N,084.84416667W,XXII-ZA,
XXII-ZA-G1,244,27.81633333N,084.84416667W,XXII-ZA,
XXII-ZA-G2,244,27.81633333N,084.84416667W,XXII-ZA,
XXII-ZA-G3,244,27.81633333N,084.84416667W,XXII-ZA,
XXIII-A-T,244,28.06300167N,085.03375167W,XXIII-A,
XXIII-A-W,245,28.06300167N,085.03375167W,XXIII-A,
XXIII-A-LR,246,28.06300167N,085.03375167W,XXIII-A,
XXIII-A-Live,244,28.06300167N,085.03375167W,XXIII-A,
XXIII-A-G1,244,28.06300167N,085.03375167W,XXIII-A,
XXIII-A-G2,244,28.06300167N,085.03375167W,XXIII-A,
XXIII-A-G3,244,28.06300167N,085.03375167W,XXIII-A,
XXIII-B-T,213,28.09842333N,084.97754833W,XXIII-B,
XXIII-B-W,213,28.09842333N,084.97754833W,XXIII-B,
XXIII-B-LR,213,28.09842333N,084.97754833W,XXIII-B,
XXIII-B-Live,213,28.09842333N,084.97754833W,XXIII-B,
XXIII-B-G1,213,28.09842333N,084.97754833W,XXIII-B,
XXIII-B-G2,213,28.09842333N,084.97754833W,XXIII-B,
XXIII-B-G3,213,28.09842333N,084.97754833W,XXIII-B,
XXIII-C-T,183,28.11400000N,084.85916667W,XXIII-C,
XXIII-C-W,183,28.11400000N,084.85916667W,XXIII-C,
XXIII-C-LR,183,28.11400000N,084.85916667W,XXIII-C,
XXIII-C-Live,183,28.11400000N,084.85916667W,XXIII-C,
XXIII-C-G1,183,28.11400000N,084.85916667W,XXIII-C,
XXIII-C-G2,183,28.11400000N,084.85916667W,XXIII-C,
XXIII-C-G3,183,28.11400000N,084.85916667W,XXIII-C,
XXIII-D-T,152,28.16194833N,084.92250833W,XXIII-D,
XXIII-D-W,152,28.16194833N,084.92250833W,XXIII-D,
XXIII-D-LR,152,28.16194833N,084.92250833W,XXIII-D,
XXIII-D-Live,152,28.16194833N,084.92250833W,XXIII-D,
XXIII-D-G1,152,28.16194833N,084.92250833W,XXIII-D,
XXIII-D-G2,152,28.16194833N,084.92250833W,XXIII-D,
XXIII-D-G3,152,28.16194833N,084.92250833W,XXIII-D,
XXIII-E-T,134,28.18742500N,084.90526167W,XXIII-E,
XXIII-E-W,134,28.18742500N,084.90526167W,XXIII-E,
XXIII-E-LR,134,28.18742500N,084.90526167W,XXIII-E,
XXIII-E-Live,134,28.18742500N,084.90526167W,XXIII-E,
XXIII-E-G1,134,28.18742500N,084.90526167W,XXIII-E,
XXIII-E-G2,134,28.18742500N,084.90526167W,XXIII-E,
XXIII-E-G3,134,28.18742500N,084.90526167W,XXIII-E,
XXIII-F-T,91,28.27400000N,084.86600000W,XXIII-F,3
XXIII-F-W,91,28.27400000N,084.86600000W,XXIII-F,
XXIII-F-LR,91,28.27400000N,084.86600000W,XXIII-F,
XXIII-F-Live,91,28.27400000N,084.86600000W,XXIII-F,
XXIII-F-G1,91,28.27400000N,084.86600000W,XXIII-F,2
XXIII-F-G2,91,28.27400000N,084.86600000W,XXIII-F,
XXIII-F-G3,91,28.27400000N,084.86600000W,XXIII-F,1
XXIII-G-T,76,28.30537000N,084.81888667W,XXIII-G,
XXIII-G-W,76,28.30537000N,084.81888667W,XXIII-G,
XXIII-G-LR,76,28.30537000N,084.81888667W,XXIII-G,
XXIII-G-Live,76,28.30537000N,084.81888667W,XXIII-G,
XXIII-G-G1,76,28.30537000N,084.81888667W,XXIII-G,
XXIII-G-G2,76,28.30537000N,084.81888667W,XXIII-G,
XXIII-G-G3,76,28.30537000N,084.81888667W,XXIII-G,
XXIII-H-T,61,28.32516667N,084.76500000W,XXIII-H,
XXIII-H-W,61,28.32516667N,084.76500000W,XXIII-H,
XXIII-H-LR,61,28.32516667N,084.76500000W,XXIII-H,
XXIII-H-Live,61,28.32516667N,084.76500000W,XXIII-H,
XXIII-H-G1,61,28.32516667N,084.76500000W,XXIII-H,
XXIII-H-G2,61,28.32516667N,084.76500000W,XXIII-H,
XXIII-H-G3,61,28.32516667N,084.76500000W,XXIII-H,
XXIII-I-T,30,27.97452000N,083.51759500W,XXIII-I,21
XXIII-I-W,30,27.97452000N,083.51759500W,XXIII-I,
XXIII-I-LR,30,27.97452000N,083.51759500W,XXIII-I,
XXIII-I-Live,30,27.97452000N,083.51759500W,XXIII-I,
XXIII-I-G1,30,27.97452000N,083.51759500W,XXIII-I,4
XXIII-I-G2,30,27.97452000N,083.51759500W,XXIII-I,10
XXIII-I-G3,30,27.97452000N,083.51759500W,XXIII-I,7
XXIII-J-T,15,27.97478333N,083.13675667W,XXIII-J,
XXIII-J-W,15,27.97478333N,083.13675667W,XXIII-J,
XXIII-J-LR,15,27.97478333N,083.13675667W,XXIII-J,
XXIII-J-Live,15,27.97478333N,083.13675667W,XXIII-J,
XXIII-J-G1,15,27.97478333N,083.13675667W,XXIII-J,
XXIII-J-G2,15,27.97478333N,083.13675667W,XXIII-J,
XXIII-J-G3,15,27.97478333N,083.13675667W,XXIII-J,
